#,Database,database id,sub database,PBDB collection #,id,genus,specificEpithet,full,KM notes,preparations,institution Code,collection Code,catalog Number,catalog locality,lat,lng,coordinate uncertainty (meters),coordinatePrecision,continent,country,state/Province,county,locality,formation,Max age Ma,Min age Ma,average age Ma,Method,Citation for age,earliestAgeOrLowestStage,earliestEpochOrLowestSeries,latestAgeOrHighestStage,latestEpochOrHighestSeries,lowestBiostratigraphicZone,highestBiostratigraphicZone,citation
1,GBIF,3072678306,N/A,N/A,192fbc36-0625-4fac-8b17-bde243af64ff,Glyptotherium,floridanum,Glyptotherium floridanum,N/A,fossil - 1,UF,UF,518898,N/A,27.17,-81.89,1200,N/A,NORTH_AMERICA,US,Florida,De Soto,JOSHUA CREEK,N/A,0.24,0.014,0.127,N/A,museum data,N/A,"Pleistocene, late",N/A,N/A,Rancholabrean,N/A,N/A
31,GBIF,2990937890,Arctos,N/A,http://arctos.database.museum/guid/NMMNH:Paleo:67154?seid=4688472,Glyptotherium,N/A,Glyptotherium,Added to PBDB,osteoderm,NMMNHS,Paleontology specimens,NMMNH:Paleo:67154,NMMNH:Paleo:L-11927,Redacted due to NMMNH Policy,N/A,N/A,N/A,NORTH_AMERICA,US,New Mexico,Doña Ana,"Hatch, about 8 miles SW of Hatch, just North of old (abandoned) Hatch Airport",N/A,2.8,2.6,2.7,biostratigraphy/magnetostratigraphy,"Morgan, G. S., & Harris, A. H. (2015). Pliocene and Pleistocene vertebrates of New Mexico. New Mexico Museum of Natural History and Science Bulletin, 68, 233–438.",N/A,Pliocene,N/A,N/A,N/A,N/A,"Morgan, G. S., & Harris, A. H. (2015). Pliocene and Pleistocene vertebrates of New Mexico. New Mexico Museum of Natural History and Science Bulletin, 68, 233–438."
177,GBIF,2417769365,N/A,N/A,a15e4eb1-eee2-4a49-84a6-7f6911eb93a2,Glyptotherium,floridanum,Glyptotherium floridanum,N/A,fossil - 8,UF,UF,463343,N/A,27.6,-82.56,800,N/A,NORTH_AMERICA,US,Florida,Manatee,TERRA CEIA PRESERVE STATE PARK,N/A,0.24,0.014,0.127,N/A,museum data,N/A,Pleistocene,N/A,N/A,Rancholabrean,N/A,N/A
178,GBIF,2351038342,N/A,N/A,dadf3400-990c-4bed-b689-48637a5074f3,Glyptotherium,floridanum,Glyptotherium floridanum,N/A,fossil - 1,UF,UF,461193,N/A,29.53,-81.68,5000,N/A,NORTH_AMERICA,US,Florida,Putnam,ST. JOHNS RIVER,N/A,0.24,0.014,0.127,N/A,museum data,N/A,"Pleistocene, late",N/A,N/A,Rancholabrean,N/A,N/A
183,GBIF,2294362648,N/A,N/A,2e31eb17-5515-4889-bf23-5edb7e55bbd6,Glyptotherium,floridanum,Glyptotherium floridanum,Orginally listed as rancholarean,fossil - 1,UF,UF,461107,UF locality PU005B,29.64,-81.6,250,N/A,NORTH_AMERICA,US,Florida,Putnam,Devil's Elbow 2,Nashua Formation,2.6,2.3,2.45,?,"Hulbert, R. C. (2010). A new early Pleistocene tapir (mammalia: Perissodactyla) from Florida, with a review of Blancan tapirs from the state. Bulletin of the Florida Museum of Natural History, 49(3), 67–126.",N/A,N/A,N/A,N/A,N/A,N/A,N/A
185,GBIF,2237028294,N/A,N/A,bed949f9-fda9-412b-b9be-1996cdf0bcd5,Glyptotherium,floridanum,Glyptotherium floridanum,N/A,fossil - 1,UF,UF,450648,8PU1470,29.37,-81.62,35,N/A,NORTH_AMERICA,US,Florida,Putnam,LAKE GEORGE POINT,N/A,0.24,0.014,0.127,N/A,museum data,N/A,"Pleistocene, late",N/A,N/A,Rancholabrean,N/A,N/A
186,GBIF,1978498482,N/A,N/A,a6fd5511-7b4c-4fa0-96aa-29efe4f97237,Glyptotherium,floridanum,Glyptotherium floridanum,N/A,fossil - 1,UF,UF,437222,N/A,27.58,-82.61,25,N/A,NORTH_AMERICA,US,Florida,Manatee,NO NAME ISLAND,N/A,0.24,0.014,0.127,N/A,museum data,N/A,"Pleistocene, late",N/A,N/A,Rancholabrean,N/A,N/A
187,GBIF,1945667058,N/A,N/A,f22340db-b08b-4cea-8279-717caf859008,Glyptotherium,texanum,Glyptotherium texanum,N/A,fossil - 1,UF,UF,435896,N/A,29.84,-82.7,425,N/A,NORTH_AMERICA,US,Florida,Columbia,Santa Fe River 1,N/A,2.6,2.3,2.45,biostratigraphy,https://www.floridamuseum.ufl.edu/florida-vertebrate-fossils/sites/santa-fe-river-1-blancan/,N/A,"Pleistocene, early",N/A,N/A,Blancan,N/A,N/A
243,GBIF,1895684816,N/A,N/A,urn:catalog:NO DISPONIBLE:NO DISPONIBLE:NO DISPONIBLE:f0e628ccf4a6927940977fd14ae10dc1,Glyptotherium,N/A,Glyptotherium sp.,N/A,N/A,Comisión nacional para el conocimiento y uso de la biodiversidad,NO DISPONIBLE,NO DISPONIBLE,N/A,18.919443,-98.134177,614,N/A,NORTH_AMERICA,MX,Puebla,N/A,area de localidades de Valsequillo,N/A,0.24,0.014,0.127,N/A,"Ferrusquía-Villafranca, I. et al. (2010) ‘Pleistocene mammals of Mexico: A critical review of regional chronofaunas, climate change response and biogeographic provinciality’, Quaternary International, 217(1–2), pp. 53–104. doi: 10.1016/j.quaint.2009.11.036.",N/A,N/A,N/A,N/A,Rancholabrean,N/A,N/A
248,GBIF,1895684807,N/A,N/A,urn:catalog:NO DISPONIBLE:NO DISPONIBLE:NO DISPONIBLE:6a663d95cb26570c9e33bc1c926b5e83,Glyptotherium,N/A,Glyptotherium sp.,N/A,N/A,Comisión nacional para el conocimiento y uso de la biodiversidad,NO DISPONIBLE,NO DISPONIBLE,N/A,23.825,-100.725,70,N/A,NORTH_AMERICA,MX,San Luis Potosi,N/A,El Cedral. Rancho La Amapola,N/A,0.0333,0.00248,0.01789,radiometric,"Pérez-Crespo, V. A. et al. (2019) ‘Paleoambiente en cuatro sitios mexicanos del Pleistoceno tardío con actividad humana inferidos a partir de la fauna’, Boletin de la Sociedad Geologica Mexicana, 71(2), pp. 343–358. doi: 10.18268/BSGM2019v71n2a7.",N/A,N/A,N/A,N/A,N/A,N/A,N/A
267,GBIF,1895684764,N/A,N/A,urn:catalog:NO DISPONIBLE:NO DISPONIBLE:NO DISPONIBLE:403aae722ed37d21d74599ab613c8952,Glyptotherium,N/A,Glyptotherium sp.,Add to PBDB?,N/A,Comisión nacional para el conocimiento y uso de la biodiversidad,NO DISPONIBLE,NO DISPONIBLE,N/A,18.508333,-98.125,90,N/A,NORTH_AMERICA,MX,Puebla,N/A,Tepexi de Rodriguez (Axamilpa),N/A,0.24,0.014,0.127,radiometric,"Tovar, R. E. et al. (2014) ‘Paleosols, bones, phytoliths, and δ13C signatures of humus and teeth in the alluvial sequence of Axamilpa, puebla: Inferences for landscape evolution and megafauna paleoecology during MIS 3-2 in southern mexico’, Catena, 112, pp. 25–37. doi: 10.1016/j.catena.2013.03.015.",N/A,N/A,N/A,N/A,Rancholabrean,N/A,N/A
292,GBIF,1895683166,N/A,N/A,urn:catalog:NO DISPONIBLE:NO DISPONIBLE:NO DISPONIBLE:576079421794ecefe7b488380dc92644,Glyptotherium,mexicanum,Glyptotherium mexicanum,N/A,N/A,Comisión nacional para el conocimiento y uso de la biodiversidad,NO DISPONIBLE,NO DISPONIBLE,N/A,18.741828,-97.260967,1050,N/A,NORTH_AMERICA,MX,Veracruz,N/A,Barranca Seca. Acultzingo. Acultzingo gorge,N/A,0.24,0.014,0.127,?,"McDonald, H. G. (2002) ‘Fossil Xenarthra of Mexico: A review’, Avances en los estudios paleomastozoológicos, pp. 227–248.",N/A,N/A,N/A,N/A,N/A,N/A,"Morgan, 2008. Vertebrate Fauna and Geochronology of the Great American Biotic Interchange in North America"
293,GBIF,1895683164,N/A,N/A,urn:catalog:NO DISPONIBLE:NO DISPONIBLE:NO DISPONIBLE:eda68055ed8dc4dbd34b0d08d4d886d9,Glyptotherium,mexicanum,Glyptotherium mexicanum,Add to PBDB?,N/A,Comisión nacional para el conocimiento y uso de la biodiversidad,N/A,N/A,N/A,19.796774,-99.0987,2869,N/A,NORTH_AMERICA,MX,Mexico,N/A,Zumpango de Ocampo,N/A,0.24,0.014,0.127,N/A,"McDonald, H. G. (2002) ‘Fossil Xenarthra of Mexico: A review’, Avances en los estudios paleomastozoológicos, pp. 227–248.",N/A,N/A,N/A,N/A,Rancholabrean,N/A,N/A
341,GBIF,1880451993,N/A,N/A,6BAD7072-B1DE-4CB3-8F15-83AAC2945FA8,Glyptotherium,floridanum,Glyptotherium floridanum,N/A,fossil - 1,UF,UF/TRO,30341,N/A,27.72,-82.65,100,N/A,NORTH_AMERICA,US,Florida,Pinellas,LAKE CATALINA,N/A,0.24,0.014,0.127,N/A,museum data,N/A,"Pleistocene, late",N/A,N/A,Rancholabrean,N/A,N/A
347,GBIF,1699296553,PBDB,113409,pbdb:occ:964126,Glyptotherium,floridanum,Glyptotherium floridanum,N/A,N/A, Autonomous University of the State of Hidalgo (UAHMP),N/A,N/A,HGO-47,20.128056,-98.933891,N/A,2.78E-04,NORTH_AMERICA,MX,Hidalgo,﻿San Agustín Tlaxiaca,El Barrio,N/A,0.24,0.014,0.127,N/A,"V. M. Bravo-Cuevas, E. Ortiz-Caballero, and M. A. Cabral-Perdomo. 2009. Gliptodontes (Xenarthra, Glyptodontidae) del Pleistoceno Tardío (Rancholabreano) de Hidalgo, Centro de México. Boletin de la Sociedad Geologica Mexicana 61(2):267-276",Rancholabrean,N/A,N/A,N/A,Rancholabrean,N/A,"V. M. Bravo-Cuevas, E. Ortiz-Caballero, and M. A. Cabral-Perdomo. 2009. Gliptodontes (Xenarthra, Glyptodontidae) del Pleistoceno Tardío (Rancholabreano) de Hidalgo, Centro de México. Boletin de la Sociedad Geologica Mexicana 61(2):267-276"
348,GBIF,1699296472,PBDB,113410,pbdb:occ:964127,Glyptotherium,floridanum,Glyptotherium floridanum,N/A,N/A, Autonomous University of the State of Hidalgo (UAHMP),N/A,N/A,HGO-28,20.022223,-98.626945,N/A,2.78E-04,NORTH_AMERICA,MX,Hidalgo,﻿Pachuca-Tulancingo,﻿Barranca del Berrendo,N/A,0.24,0.014,0.127,N/A,"V. M. Bravo-Cuevas, E. Ortiz-Caballero, and M. A. Cabral-Perdomo. 2009. Gliptodontes (Xenarthra, Glyptodontidae) del Pleistoceno Tardío (Rancholabreano) de Hidalgo, Centro de México. Boletin de la Sociedad Geologica Mexicana 61(2):267-277",Rancholabrean,N/A,N/A,N/A,Rancholabrean,N/A,"V. M. Bravo-Cuevas, E. Ortiz-Caballero, and M. A. Cabral-Perdomo. 2009. Gliptodontes (Xenarthra, Glyptodontidae) del Pleistoceno Tardío (Rancholabreano) de Hidalgo, Centro de México. Boletin de la Sociedad Geologica Mexicana 61(2):267-276"
349,GBIF,1699296375,PBDB,113408,pbdb:occ:964122,Glyptotherium,floridanum,Glyptotherium floridanum,N/A,N/A, Autonomous University of the State of Hidalgo (UAHMP),N/A,N/A,HGO-46,20.125278,-98.968613,N/A,2.78E-04,NORTH_AMERICA,MX,Hidalgo,﻿San Agustín Tlaxiaca,Las Cajas,N/A,0.24,0.014,0.127,N/A,"V. M. Bravo-Cuevas, E. Ortiz-Caballero, and M. A. Cabral-Perdomo. 2009. Gliptodontes (Xenarthra, Glyptodontidae) del Pleistoceno Tardío (Rancholabreano) de Hidalgo, Centro de México. Boletin de la Sociedad Geologica Mexicana 61(2):267-278",Rancholabrean,N/A,N/A,N/A,Rancholabrean,N/A,"V. M. Bravo-Cuevas, E. Ortiz-Caballero, and M. A. Cabral-Perdomo. 2009. Gliptodontes (Xenarthra, Glyptodontidae) del Pleistoceno Tardío (Rancholabreano) de Hidalgo, Centro de México. Boletin de la Sociedad Geologica Mexicana 61(2):267-276"
351,GBIF,1699081226,PBDB,154771,pbdb:occ:1196410,Glyptotherium,floridanum,Glyptotherium floridanum,N/A,N/A,"AMNH, FLMNH",N/A,N/A,University of Florida Vertebrate Fossil Locality PI004,27.799999,-82.699997,N/A,0.1,NORTH_AMERICA,US,Florida,Pinellas,Seminole Field,N/A,0.025,0.011,0.018,museum data,https://www.floridamuseum.ufl.edu/florida-vertebrate-fossils/sites/seminole-field/,Late Pleistocene,N/A,N/A,N/A,Rancholabrean,Rancholabrean,"G. G. Simpson. 1929. Pleistocene mammalian fauna of the Seminole Field, Pinellas County, Florida. Bulletin of the American Museum of Natural History 56(8):561-599"
352,GBIF,1699081190,PBDB,74292,pbdb:occ:1196525,Glyptotherium,floridanum,Glyptotherium floridanum,N/A,N/A,MCZ,N/A,N/A,University of Florida Vertebrate Fossil Locality BR002,28.1,-80.6,N/A,estimate by KM,NORTH_AMERICA,US,Florida,Brevard,Melbourne 2,N/A,0.025,0.011,0.018,museum data,https://www.floridamuseum.ufl.edu/florida-vertebrate-fossils/sites/melbourne/,Late Pleistocene,N/A,N/A,N/A,N/A,N/A,G. M. Allen. 1932. A Pleistocene bat from Florida. Journal of Mammalogy 13(3):256-259
353,GBIF,1699057812,PBDB,150272,pbdb:occ:1169455,Glyptotherium,arizonae,Glyptotherium arizonae,N/A,N/A,OMNH,N/A,﻿OMNH 72109,N/A,36.579445,-98.459442,N/A,2.78E-04,NORTH_AMERICA,US,Oklahoma,Alfalfa,Carmen,N/A,2.2,1.2,1.7,biostratigraphy,"N. J. Czaplewski. 2004. A glyptodont (Mammalia, Xenarthra) from northern Oklahoma. Oklahoma Geology Notes 64(1-4):4-10",Pliocene,N/A,Pleistocene,N/A,Blancan/Irvingtonian,N/A,"N. J. Czaplewski. 2004. A glyptodont (Mammalia, Xenarthra) from northern Oklahoma. Oklahoma Geology Notes 64(1-4):4-10"
355,GBIF,1698888211,PBDB,98313,pbdb:occ:888556,Glyptotherium,arizonae,Glyptotherium arizonae,N/A,N/A,UF locality AL125,N/A,N/A,N/A,29.799999,-82.099998,N/A,0.1,NORTH_AMERICA,US,Florida,Alachua,Haile 7G,N/A,2.2,1.9,2.05,N/A,"﻿Hulbert, R. C. (2010). A new early Pleistocene tapir (Mammalia: Perissodactyla) from Florida, with a review of Blancan tapirs from the state. Bulletin of the Florida Museum of Natural History, 49(3), 67–126. Retrieved from http://www.flmnh.ufl.edu/bulletin/vol49no3/vol49no3lores.pdf",Blancan,N/A,Irvingtonian,N/A,N/A,N/A,"R. C. Hulbert. 2010. A new early Pleistocene tapir (Mammalia: Perissodactyla) from Florida, with a review of Blancan tapirs from around the state. Bulletin of the Florida Museum of Natural History 49(3):67-126"
357,GBIF,1698695777,PBDB,74498,pbdb:occ:691629,Glyptotherium,N/A,Glyptotherium,N/A,N/A,"IGM, Museo de Paleontologia, Instituto de Geologia, Universidad Nacional Autonoma de Mexico",N/A,N/A,N/A,24.6,-99.216667,N/A,0.0166667,NORTH_AMERICA,MX,Tamaulipas,N/A,Ejido San Lázaro,N/A,0.24,0.014,0.127,biostratigraphy," V.-H. Reynoso and M. Montellano-Ballesteros. 2004. A new giant turtle of the genus Gopherus (Chelonia: Testudinidae) from the Pleistocene of Tamaulipas, México, and a review of the phylogeny and biogeography of gopher tortoises. Journal of Vertebrate Paleontology 24(4):822-837",Rancholabrean,N/A,N/A,N/A,Rancholabrean,N/A," V.-H. Reynoso and M. Montellano-Ballesteros. 2004. A new giant turtle of the genus Gopherus (Chelonia: Testudinidae) from the Pleistocene of Tamaulipas, México, and a review of the phylogeny and biogeography of gopher tortoises. Journal of Vertebrate Paleontology 24(4):822-837"
358,GBIF,1698695423,PBDB,74470,pbdb:occ:691152,Glyptotherium,N/A,Glyptotherium,N/A,N/A,Midwestern University Collection of Fossil Vertebrates,N/A,MU 8695,N/A,29.566668,-95.050003,N/A,0.0166667,NORTH_AMERICA,US,Texas,Harris,Taylor Bayou,N/A,0.05,0.035,0.0425,biostratigraphy,"T. C. Kaspar and W. L. McClure. 1976. The Taylor Bayou Local Fauna (Pleistocene) near Houston, Texas. Southwestern Naturalist 21(1):9-16",Late Pleistocene,N/A,N/A,N/A,N/A,N/A,"T. C. Kaspar and W. L. McClure. 1976. The Taylor Bayou Local Fauna (Pleistocene) near Houston, Texas. Southwestern Naturalist 21(1):9-16"
361,GBIF,1698665985,PBDB,71278,pbdb:occ:661604,Glyptotherium,floridanum,Glyptotherium floridanum,N/A,N/A,N/A,N/A,N/A,N/A,7.916667,-80.633331,N/A,0.0166667,NORTH_AMERICA,PA,Herrera,N/A,El Hatillo,N/A,0.1,0.01,0.055,biostratigraphy,"Lucas, S. G. (2014). Late Pleistocene mammals from El Hatillo, Panama. Revista Geológica de América Central, (50), 139–151. Retrieved from http://revistas.ucr.ac.cr/index.php/geologica/article/view/15120",Late Pleistocene,N/A,N/A,N/A,N/A,N/A,C. L. Gazin. 1956. Exploration for the Remains of Giant Ground Sloths in Panama. Annual Report of the Smithsonian Institution 341:341-354
362,GBIF,1698653633,PBDB,70118,pbdb:occ:648827,Glyptotherium,arizonae,Glyptotherium arizonae,N/A,N/A,"MUHNES, in San Salvador",N/A,N/A,N/A,13.783333,-89.166664,N/A,0.0166667,NORTH_AMERICA,SV,N/A,Apopa,Río Tomayate,N/A,1.8,1,1.4,biostratigraphy,"﻿Morgan, G. S. (2008). Vertebrate fauna and geochronology of the Great American Biotic Interchange in North America. In Neogene Mammals (pp. 93–140).",Early Pleistocene,N/A,Middle Pleistocene,N/A,N/A,N/A,J. C. Cisneros. 2005. New Pleistocene vertebrate fauna from El Salvador. Revista Brasileira de Paleontologia 8(3):239-255
363,GBIF,1698653607,PBDB,70117,pbdb:occ:648707,Glyptotherium,N/A,Glyptotherium ,Update PBDB coordinate,N/A,N/A,N/A,N/A,N/A,21.078167,-100.7735,N/A,"coordinate updated by me based on Carranza-Castañeda, O, 2006, Late Tertiary fossil localities in central Mexico, between 19°–23°N, in Carranza-Castañeda, Óscar, and Lindsay, E.H., eds., Advances in late Tertiary vertebrate paleontology in Mexico and the Great American Biotic Interchange: Universidad Nacional Autónoma de México, Instituto de Geología and Centro de Geociencias, Publicación Especial 4, p. 45–60.",NORTH_AMERICA,MX,Guanajuato,N/A,Arroyo El Belén/GTO-47,Rancho Viejo Beds,3.04,2.58,2.81,biostratigraphy/magnetostratigraphy,"Flynn et al., 2005. Geochronology of Hemphillian-Blancan Aged strata, Guanajuato, Mexico, and implications for timing of the Great American Biotic Interchange. Journal of Geology, 113:287-307.",Blancan,N/A,N/A,N/A,N/A,N/A,"J. J. Flynn, B. J. Kowallis, C. Nuñez, O. Carranza-Castañeda, W. E. Miller, C. C. Swisher, III, and E. Lindsay. 2005. Geochronology of Hemphillian-Blancan aged strata, Guanajuato, Mexico, and implications for the timing of the Great American Biotic Interchange. Journal of Geology 113:287-307"
365,GBIF,1698615631,PBDB,65405,pbdb:occ:610338,Glyptotherium,floridanum,Glyptotherium floridanum,This is the same as PBDB occurrence 1487044,N/A,Charleston Museum,"ChM.PV2415, cranial fragment; ChM.GPV2090, ChM.PV2417-2418, carapacial scutes.",N/A,N/A,32.559166,-80.292503,N/A,2.78E-04,NORTH_AMERICA,US,South Carolina,Charleston,Edisto Island,Silver Bluff,0.24,0.014,0.127,biostratigraphy,"Sanders, A. E. (2002). Additions to the Pleistocene mammal faunas of South Carolina, North Carolina, and Georgia. American Philosophical Society.",Pleistocene,N/A,N/A,N/A,Rancholabrean,N/A,"J. A. Roth and J. Laerm. 1980. A late Pleistocene vertebrate assemblage from Edisto Island, South Carolina. Brimleyana 3:1-29"
366,GBIF,1698211915,PBDB,20078,pbdb:occ:277250,Glyptotherium,N/A,Glyptotherium,N/A,N/A,N/A,N/A,N/A,N/A,20.200001,-104.099998,N/A,0.1,NORTH_AMERICA,MX,Guanajuato,N/A,Arrastracaballos/GTO-6,Rancho Viejo Beds,N/A,N/A,3.6,radiometric,"Carranza-Castañeda, O. and Miller, W. E. (1996) ‘Hemphillian and blancan felids from central Mexico’, Journal of Paleontology, 70(3), pp. 509–518. doi: 10.1017/S0022336000038439.",Blancan,N/A,Irvingtonian,N/A,N/A,N/A,W. E. Miller and O. Carranza-Castaneda. 1998. Late Tertiary Canids from Central Mexico. Journal of Paleontology 72(3):546-556
371,GBIF,1698127515,PBDB,20412,pbdb:occ:198096,Glyptotherium,arizonae,Glyptotherium arizonae ,N/A,N/A,N/A,N/A,N/A,N/A,34.5,-101.300003,N/A,0.1,NORTH_AMERICA,US,Texas,Briscoe,Rock Creek,Tule,1.3,1.2,1.25,magnetostratigraphy,"Schultz, G. E. (1986). STOP 18 : Biostratigraphy and volcanic ash deposits of the Tule Formation , Briscoe County , Texas. In T. C. Gustavson (Ed.), Guidebook 22 Geomorphology and Quaternary stratigraphy of the rolling plains, Texas Panhandle (pp. 82–84). U Tex Austin Bureau of Economic Geology.",Irvingtonian,N/A,N/A,N/A,N/A,N/A,"Schultz, G. E. (1986). STOP 18 : Biostratigraphy and volcanic ash deposits of the Tule Formation , Briscoe County , Texas. In T. C. Gustavson (Ed.), Guidebook 22 Geomorphology and Quaternary stratigraphy of the rolling plains, Texas Panhandle (pp. 82–84). U Tex Austin Bureau of Economic Geology."
375,GBIF,1698126927,PBDB,20384,pbdb:occ:197776,Glyptotherium,arizonae,Glyptotherium arizonae,N/A,N/A,N/A,N/A,N/A,University of Florida Vertebrate Fossil Locality CI001,29,-82.68,N/A,1,NORTH_AMERICA,US,Florida,Citrus,Inglis 1A,N/A,1.9,1.6,1.75,museum data,https://www.floridamuseum.ufl.edu/florida-vertebrate-fossils/sites/inglis-1a/,Blancan,N/A,N/A,N/A,N/A,N/A,"S. D. Webb and K. T. Wilkins. 1984. Historical Biogeography of Florida Pleistocene Mammals. In H. H. Genoways and M. R. Dawson (eds.), Carnegie Museum of Natural History Special Publication 8:370-383"
376,GBIF,1698126641,PBDB,20344,pbdb:occ:197468,Glyptotherium,arizonae,Glyptotherium arizonae,type locality of Glyptotherium arizonae,N/A,N/A,N/A,N/A,N/A,31.842,-110.213,N/A,coordinate updated by me,NORTH_AMERICA,US,Arizona,Cochise,Curtis Ranch,St. David,2.2,2,2.1,N/A,"Morgan, G. S., & White Jr., R. S. (2005). Miocene and pliocene vertebrates from Arizona. New Mexico Museum of Natural History and Science Bulletin, (29), 115–136.",Irvingtonian,N/A,N/A,N/A,N/A,N/A,"N. M. Johnson, N. D. Opdyke, and E. H. Lindsay. 1975. Magnetic Polarity Stratigraphy of Pliocene-Pleistocene Terrestrial Deposits and Vertebrate Faunas, San Pedro Valley, Arizona. Geological Society America Bulletin 86(1):5-12"
379,GBIF,1698126277,PBDB,20308,pbdb:occ:197136,Glyptotherium,arizonae,Glyptotherium arizonae,N/A,N/A,N/A,N/A,N/A,N/A,27.041668,-81.821114,N/A,2.78E-04,NORTH_AMERICA,US,Florida,DeSoto,De Soto Shell Pit,Caloosahatchee,2,1.6,1.8,biostratigraphy,"G. S. Morgan and R. C. Hulbert, Jr. 1995. Overview of the geology and vertebrate biochronology of the Leisey Shell Pit Local Fauna, Hillsborough County, Florida. Bulletin of the Florida Museum of Natural History 37(1)",Irvingtonian,N/A,N/A,N/A,N/A,N/A,"G. S. Morgan and R. C. Hulbert, Jr. 1995. Overview of the geology and vertebrate biochronology of the Leisey Shell Pit Local Fauna, Hillsborough County, Florida. Bulletin of the Florida Museum of Natural History 37(1)"
385,GBIF,1698124245,PBDB,20033,pbdb:occ:195059,Glyptotherium,texanum,Glyptotherium texanum,N/A,N/A,Panhandle Plains Historical Museum collection,N/A,N/A,N/A,34.883331,-101.633331,N/A,0.0166667,NORTH_AMERICA,US,Texas,Randall,Cita Canyon,St. David,1.86,1.71,1.785,magnetostratigraphy,"Lindsay, E. H., Johnson, N. M., & Opdyke, N. D. (1975). Preliminary correlation of North American land mammal ages and geomagnetic chronology. Studies on Cenozoic Paleonology and Stratigraphy in Honor of Claude W. Hibbard, (12), 111–119.",Blancan,N/A,N/A,N/A,N/A,N/A,C. S. Johnston and D. E. Savage. 1955. University of California Publications in Geological Sciences 31(2) 
386,GBIF,1698124203,PBDB,20050,pbdb:occ:195132,Glyptotherium,texanum,Glyptotherium texanum,N/A,N/A,TMM Texas memorial,N/A,N/A,N/A,31.5,-105.199997,N/A,0.1,NORTH_AMERICA,US,Texas,Hudspeth,Red Light,Love,3,2.2,2.6,biostratigraphy,"﻿Morgan, G. S. (2008). Vertebrate fauna and geochronology of the Great American Biotic Interchange in North America. In Neogene Mammals (pp. 93–140).",Blancan,N/A,N/A,N/A,N/A,N/A,"W. A. Akersten. 1972. Red Light Local Fauna (Blancan) Of The Love Formation, Southeastern Hudspeth County, Texas. Texas Memorial Museum Bulletin 20:1-53"
390,GBIF,1698124042,PBDB,20028,pbdb:occ:195009,Glyptotherium,texanum,Glyptotherium texanum,Blancan type locality,N/A,TMM Texas memorial,N/A,N/A,N/A,33.700001,-101.099998,N/A,0.1,NORTH_AMERICA,US,Texas,Crosby,Blanco,Blanco,3,2.2,2.6,biostratigraphy,"Morgan, G. S. (2008). Vertebrate fauna and geochronology of the Great American Biotic Interchange in North America. In Neogene Mammals (pp. 93–140).",Blancan,N/A,N/A,N/A,N/A,N/A,G. E. Meade. 1945. The Blanco Fauna. University of Texas Publication 4401:509-556 
391,GBIF,1698123955,PBDB,20032,pbdb:occ:195040,Glyptotherium,texanum,Glyptotherium texanum,N/A,N/A,N/A,N/A,N/A,N/A,33.700001,-101.099998,N/A,0.1,NORTH_AMERICA,US,Texas,Crosby,Carter Quarry,Blanco,N/A,N/A,2.7,biostratigraphy,"Hernández-Jasso, R. E. (2017) ‘Biocronología y paleobiogeografía de mamíferos del Cenozoico tardío de Norteamérica meridional: un enfoque espacio-temporal’, Revista del Museo Argentino de Ciencias Naturales, Nueva Serie, 19(2), pp. 141–175. doi: 10.22179/rEVMAcn.19.518.",Blancan,N/A,N/A,N/A,N/A,N/A,"W. W. Dalquest. 1975. Vertebrate Fossils From the Blanco Local Fauna of Texas. Occasional Papers, Museum, Texas Tech University 30:1-52 "
392,GBIF,1698122637,PBDB,19764,pbdb:occ:193802,Glyptotherium,arizonae,Glyptotherium arizonae,N/A,N/A,N/A,N/A,UF 69743,N/A,27.783333,-82.683334,N/A,0.0166667,NORTH_AMERICA,US,Florida,Pinellas,St. Petersburg Times,Tamiami,2.7,2.2,2.45,biostratigraphy,"Morgan, G. S. (2005). The Great American Biotic Interchange in Florida. Bull. Fla. Mus. Nat. Hist., 45(4), 271–311.",Blancan,N/A,N/A,N/A,N/A,N/A,"G. S. Morgan and R. B. Ridgway. 1987. Late Pliocene (late Blancan) vertebrates from the St. Petersburg Times site, Pinellas County, Florida, with a brief review of Florida Blancan faunas. Papers in Florida Paleontology 1:1-22"
393,GBIF,1698122611,PBDB,19754,pbdb:occ:193743,Glyptotherium,arizonae,Glyptotherium arizonae,N/A,N/A,N/A,N/A,N/A,N/A,27.37,-81.06,31000,edited to use GBIF coordinate,NORTH_AMERICA,US,Florida,Okeechobee,Kissimmee River,Tamiami,2.5,2,2.25,biostratigraphy,"G. S. Morgan and R. C. Hulbert, Jr. 1995. Overview of the geology and vertebrate biochronology of the Leisey Shell Pit Local Fauna, Hillsborough County, Florida. Bulletin of the Florida Museum of Natural History 37(1)",Blancan,N/A,N/A,N/A,N/A,N/A,"G. S. Morgan and R. C. Hulbert, Jr. 1995. Overview of the geology and vertebrate biochronology of the Leisey Shell Pit Local Fauna, Hillsborough County, Florida. Bulletin of the Florida Museum of Natural History 37(1)"
395,GBIF,1698122497,PBDB,19655,pbdb:occ:193254,Glyptotherium,arizonae,Glyptotherium arizonae,N/A,N/A,N/A,N/A,N/A,N/A,32.700001,-109,N/A,0.1,NORTH_AMERICA,US,New Mexico,Hidalgo,Pearson Mesa/Virden Fauna,Gila Conglomerate,2.2,1.8,2,biostratigraphy,"Morgan, G. S., Sealey, P. L. and Lucas, S. G. (2008) ‘Late Pliocene (Late Blancan) vertebrate faunas from Pearson Mesa, Duncan basin, southwestern New Mexico and southeastern Arizona’, Bulletin of the New Mexico Museum of Natural History and Science, 44(October 2004), pp. 141–188.",Blancan,N/A,N/A,N/A,N/A,N/A,"G. S. Morgan and S. G. Lucas. 1999. Pliocene (Blancan) vertebrates from Pearson Mesa, Duncan Basin, New Mexico-Arizona border. Journal of Vertebrate Paleontology 19(3):65A"
396,GBIF,1698122493,PBDB,19747,pbdb:occ:193675,Glyptotherium,arizonae,Glyptotherium arizonae,N/A,N/A,N/A,N/A,N/A,N/A,27.299999,-81.300003,N/A,0.1,NORTH_AMERICA,US,Florida,Highlands,Brighton Canal,Tamiami,2.5,2,2.25,biostratigraphy,"G. S. Morgan and R. C. Hulbert, Jr. 1995. Overview of the geology and vertebrate biochronology of the Leisey Shell Pit Local Fauna, Hillsborough County, Florida. Bulletin of the Florida Museum of Natural History 37(1)",Blancan,N/A,N/A,N/A,N/A,N/A,"G. S. Morgan and R. C. Hulbert, Jr. 1995. Overview of the geology and vertebrate biochronology of the Leisey Shell Pit Local Fauna, Hillsborough County, Florida. Bulletin of the Florida Museum of Natural History 37(1)"
397,GBIF,1698122479,PBDB,19750,pbdb:occ:193686,Glyptotherium,arizonae,Glyptotherium arizonae,N/A,N/A,UF locality AL109,N/A,N/A,University of Florida Vertebrate Fossil Locality AL109,29.690001,-82.559998,N/A,0.01,NORTH_AMERICA,US,Florida,Alachua,Haile 7C,N/A,2.2,1.9,2.05,biostratigraphy,https://www.floridamuseum.ufl.edu/florida-vertebrate-fossils/sites/haile-7c/,Blancan,N/A,Irvingtonian,N/A,N/A,N/A,"G. S. Morgan and R. C. Hulbert, Jr. 1995. Overview of the geology and vertebrate biochronology of the Leisey Shell Pit Local Fauna, Hillsborough County, Florida. Bulletin of the Florida Museum of Natural History 37(1)"
398,GBIF,1698122003,PBDB,19657,pbdb:occ:193280,Glyptotherium,texanum,Glyptotherium texanum,N/A,N/A,N/A,N/A,N/A,N/A,32.689492,-109.473569,N/A,coordinate updated by me,NORTH_AMERICA,US,Arizona,Graham,111 Ranch,N/A,2.6,2,2.3,biostratigraphy/magnetostratigraphy,"Thrasher, L. (2022) ‘Fossils and Age Relationships of the Late Pliocene and Early Pleistocene (Blancan) 111 Ranch Beds and Bear Springs Wash Beds, Graham County, Arizona’, New Mexico Museum of Natural History and Science Bulletin 88, pp. 291–300.",Blancan,N/A,N/A,N/A,N/A,N/A,"T. Galusha, N. M. Johnson, E. H. Lindsay, N. D. Opdyke, and R. H. Tedford. 1984. Biostratigraphy and magnetostratigraphy, late Pliocene rocks, 111 Ranch, Arizona. Geological Society America Bulletin 95(6):714-722"
402,GBIF,1698121792,PBDB,19646,pbdb:occ:193138,Glyptotherium,arizonae,Glyptotherium arizonae,N/A,N/A,UALP 4710 location,N/A,N/A,N/A,31.85,-110.27,N/A,coordinate updated by me,NORTH_AMERICA,US,Arizona,Cochise,California Wash,St. David,2.2,2,2.1,biostratigraphy/magnetostratigraphy,"Morgan, G. S., & White Jr., R. S. (2005). Miocene and pliocene vertebrates from Arizona. New Mexico Museum of Natural History and Science Bulletin, (29), 115–136.",Blancan,N/A,N/A,N/A,N/A,N/A,"C. Mezzabotta. 1997. Cricetid and arvicolid rodents of the California wash local fauna, late Blancan of the san Pedro Valley, Arizona. Palaeovertebrata 26(1-4):189-218"
403,GBIF,1638528348,Arctos,N/A,http://arctos.database.museum/guid/UTEP:ES:99-6?seid=3513722,Glyptotherium,texanum,Glyptotherium texanum,N/A,osteoderm,UTEP,Earth Science,UTEP:ES:99-6,N/A,31.791,-106.592,N/A,N/A,NORTH_AMERICA,US,New Mexico,Doña Ana,Anapra vicinity/Mesilla A,Camp Rice,3,2.6,2.8,biostratigraphy/magnetostratigraphy,"﻿Morgan, G. S. (2008). Vertebrate fauna and geochronology of the Great American Biotic Interchange in North America. In Neogene Mammals (pp. 93–140).",N/A,Pleistocene,N/A,N/A,N/A,N/A,N/A
410,GBIF,1638520249,Arctos,N/A,http://arctos.database.museum/guid/UTEP:ES:33-78?seid=3512549,Glyptotherium,texanum,Glyptotherium texanum,N/A,osteoderm,UTEP,Earth Science,UTEP:ES:33-78,N/A,31.96,-106.69,1000,N/A,NORTH_AMERICA,US,New Mexico,Dona Ana County,Vicinity La Union,N/A,3.04,2.58,2.81,magnetostratigraphy,"Morgan, G. S. and Lucas, S. G. (2003) ‘Mammalian biochronology of Blancan and Irvingtonian (Pliocene and early Pleistocene) faunas from New Mexico’, Bulletin of the American Museum of Natural History, 2003(279), pp. 269–320. doi: 10.1206/0003-0090(2003)279<0269:c>2.0.co;2.",N/A,Pleistocene,N/A,N/A,N/A,N/A,N/A
419,GBIF,1638512461,Arctos,N/A,http://arctos.database.museum/guid/UTEP:ES:141-1?seid=3388733,Glyptotherium,texanum,Glyptotherium texanum,N/A,osteoderm,UTEP,Earth Science,UTEP:ES:141-1,N/A,33.648,-99.688,500,N/A,NORTH_AMERICA,US,Texas,Knox,Gilliland,Seymour,1.6,1.2,1.4,biostratigraphy/magnetostratigraphy,"﻿Morgan, G. S. (2008). Vertebrate fauna and geochronology of the Great American Biotic Interchange in North America. In Neogene Mammals (pp. 93–140).",N/A,Pleistocene,N/A,N/A,N/A,N/A,N/A
425,GBIF,1419058768,N/A,N/A,urn:catalog:IGL-UNAM:IGM:4006:7ea6fab19ef0e328c0dd8b36ea85005b,Glyptotherium,mexicanum,Glyptotherium mexicanum,type locality of Glyptotherium mexicanum ,N/A,IGL-UNAM,IGM,4006,N/A,19.908333,-99.175,80,N/A,NORTH_AMERICA,MX,Mexico,Tequixquiac,Tequixquiac,N/A,0.24,0.014,0.127,N/A,"McDonald, H. G. (2002) ‘Fossil Xenarthra of Mexico: A review’, Avances en los estudios paleomastozoológicos, pp. 227–248.",N/A,N/A,N/A,N/A,Rancholabrean,N/A,N/A
426,GBIF,1419057699,N/A,N/A,urn:catalog:IGL-UNAM:IGM:5955:8c841c507b16a1106fc32a9872ae11c8,Glyptotherium,floridanum,Glyptotherium floridanum,N/A,N/A,IGL-UNAM,IGM,5955,N/A,21.891667,-102.258333,80,N/A,NORTH_AMERICA,MX,Aguascalientes,N/A,Arroyo el Cedazo,Tacubaya,1,0.115,0.5575,biostratigraphy,"﻿Montellano-Ballesteros, M. (1992). Una edad del Irvingtoniano al Rancholabreano para la fauna Cedazo del Estado de Aguascalientes. Revista Del Instituto de Geología, 9(2), 195–203.",N/A,N/A,N/A,N/A,Irvingtonian/Rancholabrean,N/A,N/A
427,GBIF,1418602878,N/A,N/A,urn:catalog:SEMAHN:CP:IHNFG-4102:e786015826593e4c288253ce12853069,Glyptotherium,floridanum,Glyptotherium floridanum,Add to PBDB?,Limpieza mec├ínica con cepillo de cerdas suaves,SEMAHN,CP,IHNFG-4102,N/A,16.215278,-93.272222,N/A,N/A,NORTH_AMERICA,MX,Chiapas,Villaflores,Rancho Villaflores (Gliptodonte),N/A,0.24,0.014,0.127,biostratigraphy,"Pérez-Crespo, V. A. et al. (2015) ‘Paleoambiente de la Depresión Central de Chiapas, con base en isótopos estables de carbono y oxígeno’, Revista mexicana de ciencias geológicas, 32(2), pp. 273–282. Available at: http://www.scielo.org.mx/scielo.php?script=sci_arttext&pid=S1026-87742015000200273.",N/A,N/A,N/A,N/A,N/A,N/A,N/A
469,GBIF,1418602777,N/A,N/A,urn:catalog:SEMAHN:CP:IHNFG-4203:eb0057f4f334a65377fd952afd24994c,Glyptotherium,floridanum,Glyptotherium floridanum,Add to PBDB?,Limpieza mec├ínica con cepillo de cerdas suaves,SEMAHN,CP,IHNFG-4203,N/A,16.138611,-93.158055,N/A,N/A,NORTH_AMERICA,MX,Chiapas,Villa Corzo,La Tejeria,N/A,0.24,0.014,0.127,biostratigraphy,"Pérez-Crespo, V. A. et al. (2015) ‘Paleoambiente de la Depresión Central de Chiapas, con base en isótopos estables de carbono y oxígeno’, Revista mexicana de ciencias geológicas, 32(2), pp. 273–282. Available at: http://www.scielo.org.mx/scielo.php?script=sci_arttext&pid=S1026-87742015000200273.",N/A,N/A,N/A,N/A,Rancholabrean,N/A,N/A
515,GBIF,1234633471,N/A,N/A,URI:catalog:ROM:Palaeobiology-Vertebrate Fossils:46742,Glyptotherium,N/A,Glyptotherium,N/A,OSTEODERM; BUCKLER MARGIN ?; INCOMPLETE,ROM,Vertebrate Palaeontology,46742,N/A,27.069036,-82.196243,1000,N/A,NORTH_AMERICA,US,Florida,Sarasota,"North Port, Blueridge Waterway; 22-21; E-39; S",N/A,N/A,N/A,0.012,N/A,"Hulbert, R. C., & Morgan, G. S. (2009). Quantitative and qualitative evolution in the giant armadillo Holmesina (Edentata: Pampatheriidae) in Florida. In Morphological Change in Quaternary Mammals of North America (pp. 134–177). Cambridge University Press. https://doi.org/10.1017/cbo9780511565052.008",N/A,Pleistocene,N/A,N/A,Rancholabrean,N/A,N/A
743,GBIF,1133588693,N/A,N/A,627C8C7F-33D5-48F6-9763-DE98C9EB75F3,Glyptotherium,floridanum,Glyptotherium floridanum,N/A,default - 1,UF,UF,275722,N/A,27.83,-82.81,50,N/A,NORTH_AMERICA,US,Florida,Pinellas,Millennium Park,N/A,0.018,0.012,0.015,biostratigraphy,https://www.floridamuseum.ufl.edu/florida-vertebrate-fossils/sites/millennium-park/,N/A,"Pleistocene, late",N/A,N/A,Rancholabrean,N/A,N/A
897,GBIF,1133575915,N/A,N/A,3355D58C-1DE1-4084-B08F-54B27DCD2180,Glyptotherium,floridanum,Glyptotherium floridanum,N/A,default - 1,UF,UF,262944,N/A,29.09,-82.43,50,N/A,NORTH_AMERICA,US,Florida,Marion,RAINBOW SPRINGS RUN BEAR SITE,N/A,0.24,0.014,0.127,N/A,museum data,N/A,"Pleistocene, late",N/A,N/A,Rancholabrean,N/A,N/A
909,GBIF,1133574625,N/A,N/A,8F8E25E0-59E0-41BB-B253-B88F20DD8E48,Glyptotherium,floridanum,Glyptotherium floridanum,N/A,default - 1,UF,UF,261666,N/A,27.44,-81.87,450,N/A,NORTH_AMERICA,US,Florida,Hardee,HICKORY CREEK 1,N/A,0.24,0.014,0.127,N/A,museum data,N/A,"Pleistocene, late",N/A,N/A,Rancholabrean,N/A,N/A
996,GBIF,1133570116,N/A,N/A,0C5C549D-EFE6-4F62-A120-FCF02DD6B775,Glyptotherium,floridanum,Glyptotherium floridanum,N/A,default - 1,UF,UF,257144,N/A,30.24,-81.38,3000,N/A,NORTH_AMERICA,US,Florida,St. Johns,PONTE VEDRA BEACH,N/A,0.24,0.014,0.127,N/A,museum data,N/A,"Pleistocene, late",N/A,N/A,Rancholabrean,N/A,N/A
1165,GBIF,1133568885,N/A,N/A,73465797-2013-41B2-9F26-122558E33617,Glyptotherium,floridanum,Glyptotherium floridanum,N/A,default - 1,UF,UF,255906,N/A,29.89,-82.88,1360,N/A,NORTH_AMERICA,US,Florida,Lafayette,SUWANNEE RIVER,N/A,0.24,0.014,0.127,N/A,museum data,N/A,"Pleistocene, late",N/A,N/A,Rancholabrean,N/A,N/A
1329,GBIF,1133562128,N/A,N/A,1F7BD63F-113E-45CD-B43D-75AD68135E91,Glyptotherium,floridanum,Glyptotherium floridanum,N/A,default - 1,UF,UF,249173,N/A,29.74,-83.34,9680,N/A,NORTH_AMERICA,US,Florida,Dixie,STEINHATCHEE RIVER (GENERAL),N/A,0.24,0.014,0.127,N/A,museum data,N/A,"Pleistocene, late",N/A,N/A,Rancholabrean,N/A,N/A
1446,GBIF,1133554324,N/A,N/A,E4BC56CF-FA0E-468F-8936-3A2430C0C7E5,Glyptotherium,texanum,Glyptotherium texanum,N/A,default - 1,UF,UF,240674,University of Florida Vertebrate Fossil Locality LV040,29.28,-82.74,96,N/A,NORTH_AMERICA,US,Florida,Levy,Waccasassa River 9A,Caloosahatchee Fm.,2,1.7,1.85,biostratigraphy,https://www.floridamuseum.ufl.edu/florida-vertebrate-fossils/sites/waccasassa-river-9a/,N/A,"Pleistocene, early",N/A,N/A,Blancan,N/A,N/A
1473,GBIF,1133548707,N/A,N/A,71935CCC-7A73-4319-B1AA-F7C4EE005D67,Glyptotherium,floridanum,Glyptotherium floridanum,N/A,default - 1,UF,UF,235091,N/A,27.57,-82.57,300,N/A,NORTH_AMERICA,US,Florida,Manatee,TERRA CEIA ISLAND,N/A,0.24,0.014,0.127,N/A,museum data,N/A,Pleistocene,N/A,N/A,Rancholabrean,N/A,N/A
1483,GBIF,1133540697,N/A,N/A,791F4399-798D-4D73-A791-3EF90DFA25AF,Glyptotherium,floridanum,Glyptotherium floridanum,N/A,default - 1,UF,UF,227042,N/A,27.05,-82.24,2600,N/A,NORTH_AMERICA,US,Florida,Sarasota,BIG SLOUGH (GENERAL),N/A,0.24,0.014,0.127,N/A,museum data,N/A,"Pleistocene, late",N/A,N/A,Rancholabrean,N/A,N/A
1487,GBIF,1133539492,N/A,N/A,3CD77B96-F8BF-42C9-9A44-BAFBA742CEC3,Glyptotherium,floridanum,Glyptotherium floridanum,N/A,default - 1,UF,UF,225871,N/A,27.17,-81.9,25,N/A,NORTH_AMERICA,US,Florida,De Soto,PEACE RIVER 3A,N/A,0.02,0.011,0.0155,biostratigraphy,https://www.floridamuseum.ufl.edu/florida-vertebrate-fossils/sites/peace-river-3a/,N/A,"Pleistocene, late",N/A,N/A,Rancholabrean,N/A,N/A
1511,GBIF,1133537344,N/A,N/A,10DB1C5F-6003-4628-9488-F6145CB7EFC7,Glyptotherium,floridanum,Glyptotherium floridanum,N/A,default - 1,UF,UF,223693,N/A,26.7,-81.57,100,N/A,NORTH_AMERICA,US,Florida,Lee,BEDMAN CREEK SITE,N/A,0.24,0.014,0.127,N/A,museum data,N/A,"Pleistocene, late",N/A,N/A,Rancholabrean,N/A,N/A
1526,GBIF,1133536837,N/A,N/A,FC83E7B6-74F4-4FF6-B8A0-66B1A5A4483F,Glyptotherium,floridanum,Glyptotherium floridanum,N/A,default - 1,UF,UF,223204,N/A,30.29,-81.39,3000,N/A,NORTH_AMERICA,US,Florida,Duval,JACKSONVILLE BEACH,N/A,0.24,0.014,0.127,N/A,museum data,N/A,"Pleistocene, late",N/A,N/A,Rancholabrean,N/A,N/A
1530,GBIF,1133536733,N/A,N/A,1E4F07CB-AA16-41DB-BE12-958F9E6EBA58,Glyptotherium,floridanum,Glyptotherium floridanum,N/A,default - 1,UF,UF,223108,N/A,30.69,-81.43,2200,N/A,NORTH_AMERICA,US,Florida,Nassau,NORTH FERNANDINA BEACH,N/A,0.24,0.014,0.127,N/A,museum data,N/A,"Pleistocene, late",N/A,N/A,Rancholabrean,N/A,N/A
1612,GBIF,1133452778,N/A,N/A,C9B83599-A21F-413B-9CE5-0589AC4F0C06,Glyptotherium,floridanum,Glyptotherium floridanum,N/A,default - 1,UF,UF,137944,N/A,27.27,-80.39,150,N/A,NORTH_AMERICA,US,Florida,St. Lucie,PORT ST. LUCIE,N/A,0.24,0.014,0.127,N/A,museum data,N/A,"Pleistocene, late",N/A,N/A,Rancholabrean,N/A,N/A
1613,GBIF,1133450633,N/A,N/A,51847E52-4935-4407-AF28-30E55B65998D,Glyptotherium,floridanum,Glyptotherium floridanum,N/A,default - 1,UF,UF,135760,N/A,30.14,-83.97,1250,N/A,NORTH_AMERICA,US,Florida,Taylor,AUCILLA RIVER 1A,N/A,0.24,0.014,0.127,N/A,museum data,N/A,"Pleistocene, late",N/A,N/A,Rancholabrean,N/A,N/A
1617,GBIF,1133442518,N/A,N/A,FECB04A3-0E43-4899-8A34-5CA8094D3CDE,Glyptotherium,floridanum,Glyptotherium floridanum,Add to PBDB?,default - 1,UF,UF,127426,N/A,29.15,-81.02,110,N/A,NORTH_AMERICA,US,Florida,Volusia,DAYTONA BEACH BONE BED,N/A,0.3,0.13,0.215,biostratigraphy,"Morgan, G. S., & Hulbert, R. C. Jr. (1995). Overview of the geology and vertebrate biochronology of the Leisey Shell Pit local fauna, Hillsborough County, Florida. Bulletin of the Florida Museum of Natural History 37, Pt, 1 (1)(1), 1–92.",N/A,"Pleistocene, middle",N/A,N/A,Rancholabrean,N/A,N/A
1652,GBIF,1133439469,N/A,N/A,1AD8C6FD-EEE3-41E3-8BB8-735285C49A82,Glyptotherium,floridanum,Glyptotherium floridanum,N/A,default - 1,UF,UF,124394,N/A,28.79,-81.41,50,N/A,NORTH_AMERICA,US,Florida,Seminole,WEKIWA RIVER 2,N/A,0.24,0.014,0.127,N/A,museum data,N/A,"Pleistocene, late",N/A,N/A,Rancholabrean,N/A,N/A
1670,GBIF,1133380709,N/A,N/A,4829636A-70C7-404C-B702-A68D6A69864E,Glyptotherium,floridanum,Glyptotherium floridanum,N/A,default - 1,UF,UF,65637,N/A,27.09,-82.22,320,N/A,NORTH_AMERICA,US,Florida,Sarasota,MYAKKAHATCHEE WEST,N/A,0.24,0.014,0.127,N/A,"Gillette, D. D., & Whisler, P. M. (1986). Notes and comments on the late Pleistocene Glyptodont, Glyptotherium Floridanum from Florida. Florida Scientist, 49(1), 55–62. https://about.jstor.org/terms",N/A,"Pleistocene, late",N/A,N/A,Rancholabrean,N/A,"Gillette, D. D., & Whisler, P. M. (1986). Notes and comments on the late Pleistocene Glyptodont, Glyptotherium Floridanum from Florida. Florida Scientist, 49(1), 55–62. https://about.jstor.org/terms"
1679,GBIF,1133370237,N/A,N/A,B57DFA13-BD8D-49AE-A78F-3833866D4268,Glyptotherium,N/A,Glyptotherium,N/A,default - 9,UF,UF,55111,N/A,27.76,-82.77,3300,N/A,NORTH_AMERICA,US,Florida,Pinellas,TREASURE ISLAND FILL,N/A,0.24,0.014,0.127,N/A,museum data,N/A,"Pleistocene, late",N/A,N/A,Rancholabrean,N/A,N/A
1681,GBIF,1133368017,N/A,N/A,B2B7368C-2E18-4769-BE6E-6D4AC1CF4345,Glyptotherium,floridanum,Glyptotherium floridanum,N/A,default - 1,UF,UF,52918,N/A,26.75,-81.4,600,N/A,NORTH_AMERICA,US,Florida,Hendry,KENNEDY-LABELLE,N/A,0.24,0.014,0.127,N/A,museum data,N/A,Pleistocene,N/A,N/A,Rancholabrean,N/A,N/A
1688,GBIF,1133366984,N/A,N/A,955D0169-A05B-466F-9EB1-3CCB5829A74C,Glyptotherium,floridanum,Glyptotherium floridanum,N/A,default - 1,UF,UF,51861,N/A,26.7,-81.65,140,N/A,NORTH_AMERICA,US,Florida,Lee,HICKEY CREEK,N/A,0.24,0.014,0.127,N/A,museum data,N/A,"Pleistocene, late",N/A,N/A,Rancholabrean,N/A,N/A
1690,GBIF,1133351774,N/A,N/A,A72C1D47-2C76-45CB-934B-2BA412F3263F,Glyptotherium,floridanum,Glyptotherium floridanum,N/A,default - 1,UF,UF,36613,N/A,29.37,-81.9,300,N/A,NORTH_AMERICA,US,Florida,Marion,OKLAWAHA RIVER 1,N/A,0.24,0.014,0.127,N/A,museum data,N/A,"Pleistocene, late",N/A,N/A,Rancholabrean,N/A,N/A
1696,GBIF,1133335455,N/A,N/A,1F5ACD78-CF1B-49D6-80CB-7C6F145F592A,Glyptotherium,floridanum,Glyptotherium floridanum,N/A,default - 1,UF,UF,24838,N/A,28.87,-82.5,2000,N/A,NORTH_AMERICA,US,Florida,Citrus,LECANTO 1,N/A,0.24,0.014,0.127,N/A,museum data,N/A,"Pleistocene, late",N/A,N/A,Rancholabrean,N/A,N/A
1699,GBIF,1133322992,N/A,N/A,4E2F0750-B60D-4C21-A4A3-EF2431237D39,Glyptotherium,floridanum,Glyptotherium floridanum,N/A,default - 4,UF,UF,18532,N/A,27,-82.38,900,N/A,NORTH_AMERICA,US,Florida,Sarasota,ENGLEWOOD ISLES,N/A,0.24,0.014,0.127,N/A,museum data,N/A,"Pleistocene, late",N/A,N/A,Rancholabrean,N/A,N/A
1701,GBIF,1133320848,N/A,N/A,7C9342AF-6B7F-4493-AB82-89A8AEBEA264,Glyptotherium,floridanum,Glyptotherium floridanum,N/A,default - 1,UF,UF,17462,N/A,29.33,-81.08,2800,N/A,NORTH_AMERICA,US,Florida,Volusia,TOMOKA STATE PARK,N/A,0.24,0.014,0.127,N/A,museum data,N/A,Pleistocene,N/A,N/A,Rancholabrean,N/A,N/A
1707,GBIF,1133315949,N/A,N/A,6698208A-9AF7-4522-AAD7-C3C28DD7E561,Glyptotherium,floridanum,Glyptotherium floridanum,N/A,default - 1,UF,UF,15007,N/A,29.03,-82.68,9000,N/A,NORTH_AMERICA,US,Florida,Levy,WITHLACOOCHEE RIVER 7,N/A,0.24,0.014,0.127,N/A,museum data,N/A,"Pleistocene, late",N/A,N/A,Rancholabrean,N/A,N/A
1709,GBIF,1133308845,N/A,N/A,1F7B3B7D-1629-4B89-B6D8-E58F4A25FEE7,Glyptotherium,floridanum,Glyptotherium floridanum,N/A,default - 1,UF,UF,11469,N/A,27.63,-82.54,464,N/A,NORTH_AMERICA,US,Florida,Manatee,PINEY POINT BORDENS PLANT,N/A,0.24,0.014,0.127,N/A,museum data,N/A,Pleistocene,N/A,N/A,Rancholabrean,N/A,N/A
1717,GBIF,1133304694,N/A,N/A,71BF4225-4352-414F-AF41-E7D402914034,Glyptotherium,floridanum,Glyptotherium floridanum,N/A,default - 1,UF,UF/FGS,10000,N/A,29.36,-82.19,200,N/A,NORTH_AMERICA,US,Florida,Marion,REDDICK 1B,N/A,0.13,0.01,0.07,biostratigraphy,"Morgan, G. S., & Hulbert, R. C. Jr. (1995). Overview of the geology and vertebrate biochronology of the Leisey Shell Pit local fauna, Hillsborough County, Florida. Bulletin of the Florida Museum of Natural History 37, Pt, 1 (1)(1), 1–92.",N/A,"Pleistocene, late",N/A,N/A,Rancholabrean,N/A,N/A
1723,GBIF,1133302828,N/A,N/A,C3B15A46-EA93-4444-9A0D-4884A06D43D9,Glyptotherium,N/A,Glyptotherium,N/A,default - 1,UF,UF/FGS,9383,N/A,27.73,-80.42,170,N/A,NORTH_AMERICA,US,Florida,Indian River,"WINTER BEACH, LUTHER LOCALITY",N/A,0.24,0.014,0.127,N/A,museum data,N/A,"Pleistocene, late",N/A,N/A,Rancholabrean,N/A,N/A
1725,GBIF,1133302758,N/A,N/A,2F8B52D4-261A-49F7-9770-D31053DD32DF,Glyptotherium,N/A,Glyptotherium,N/A,default - 1,UF,UF,9350,N/A,29.96,-82.78,3500,N/A,NORTH_AMERICA,US,Florida,Columbia,Ichetucknee River,N/A,0.05,0.011,0.0305,biostratigraphy,https://www.floridamuseum.ufl.edu/florida-vertebrate-fossils/sites/ichetucknee-river/,N/A,"Pleistocene, late",N/A,N/A,Rancholabrean,N/A,N/A
1726,GBIF,1133302733,N/A,N/A,DC9D1F59-20F0-4DA8-9DF8-F24EE1578B6B,Glyptotherium,floridanum,Glyptotherium floridanum,N/A,default - 57,UF,UF,9348,N/A,27.81,-82.8,225,N/A,NORTH_AMERICA,US,Florida,Pinellas,DUHME ROAD,N/A,0.24,0.014,0.127,N/A,museum data,N/A,"Pleistocene, late",N/A,N/A,Rancholabrean,N/A,N/A
1727,GBIF,1133302547,N/A,N/A,6415D0A1-D674-49E8-80CB-38049157540D,Glyptotherium,N/A,Glyptotherium,Add to PBDB?,default - 2,UF,UF/FGS,9282,N/A,27.65,-80.4,100,N/A,NORTH_AMERICA,US,Florida,Indian River,Vero,N/A,0.02,0.012,0.016,biostratigraphy/radiometric,https://www.floridamuseum.ufl.edu/florida-vertebrate-fossils/sites/vero-canal-site-stratum-2/,N/A,"Pleistocene, late",N/A,N/A,Rancholabrean,N/A,N/A
1734,GBIF,1133294969,N/A,N/A,0FFD4DDA-5A91-470B-93A7-D81BB317938B,Glyptotherium,N/A,Glyptotherium,N/A,default - 1,UF,UF/FGS,7250,N/A,29.38,-81.9,300,N/A,NORTH_AMERICA,US,Florida,Marion,EUREKA LOCK,N/A,0.24,0.014,0.127,N/A,museum data,N/A,"Pleistocene, late",N/A,N/A,Rancholabrean,N/A,N/A
1736,GBIF,1133292228,N/A,N/A,820C702D-BF81-400D-B00F-0641E109617F,Glyptotherium,floridanum,Glyptotherium floridanum,N/A,default - 6,UF,UF,6525,N/A,29.35,-82.2,1600,N/A,NORTH_AMERICA,US,Florida,Marion,MEFFORD CAVE 1B,N/A,0.24,0.014,0.127,N/A,museum data,N/A,"Pleistocene, late",N/A,N/A,Rancholabrean,N/A,N/A
1739,GBIF,1133278643,N/A,N/A,3A90083B-5570-4187-BDDE-E8A63343BFE4,Glyptotherium,floridanum,Glyptotherium floridanum,N/A,default - 5,UF,UF,3093,N/A,27.35,-82.61,8000,N/A,NORTH_AMERICA,US,Florida,Sarasota,LONGBOAT KEY BEACH,N/A,0.24,0.014,0.127,N/A,museum data,N/A,"Pleistocene, late",N/A,N/A,Rancholabrean,N/A,N/A
1741,GBIF,1133276857,N/A,N/A,F8A07ED5-1AD6-4BEE-8637-F7158CAA2976,Glyptotherium,floridanum,Glyptotherium floridanum,N/A,default - 1,UF,UF,2647,N/A,29.05,-82.09,400,N/A,NORTH_AMERICA,US,Florida,Marion,KENDRICK 1A,N/A,0.24,0.014,0.127,N/A,museum data,N/A,"Pleistocene, late",N/A,N/A,Rancholabrean,N/A,N/A
1750,KM,N/A,N/A,N/A,N/A,Glyptotherium,N/A,Glyptotherium,N/A,N/A,N/A,N/A,N/A,N/A,21.021,-100.754,N/A,N/A,NORTH_AMERICA,MX,Guanajuato,N/A,Cuesta Blanca/GTO-14,Rancho Viejo beds,N/A,N/A,3.32,radiometric,"Carranza-Castañeda, O. (2016). Roedores caviomorfos (Rodentia Hydrochoeridae) del Blancano temprano-tardío-Irvingtoniano de los estados de Guanajuato, Jalisco y Sonora, México: relación con Phugatherium dichroplax (Vol. 33, Issue 3). www.rmcg.unam.mx",N/A,N/A,N/A,N/A,Early Blancan,N/A,"Carranza-Castañeda, O, 2006, Late Tertiary fossil localities in central Mexico, between 19°–23°N, in Carranza-Castañeda, Óscar, and Lindsay, E.H., eds., Advances in late Tertiary vertebrate paleontology in Mexico and the Great American Biotic Interchange: Universidad Nacional Autónoma de México, Instituto de Geología and Centro de Geociencias, Publicación
Especial 4, p. 45–60."
1752,KM,N/A,N/A,N/A,N/A,Glyptotherium,cylindricum,Glyptotherium cylindricum,N/A,N/A,N/A,N/A,N/A,N/A,31.72,-114.52,N/A,estimate by KM,NORTH_AMERICA,MX,Sonora,N/A,﻿El Golfo de Santa Clara,El Golfo beds,1.3,0.78,1.04,biostratigraphy,"Shaw and Croxen, 2019. Geology and paleontology of the early-middle Pleistocene El Golfo beds, Sonora, Mexico -- A field guide",N/A,N/A,N/A,N/A,Irvingtonian,N/A,"Shaw and Croxen, 2019. Geology and paleontology of the early-middle Pleistocene El Golfo beds, Sonora, Mexico -- A field guide"
1765,KM,N/A,N/A,N/A,N/A,Glyptotherium,N/A,Glyptotherium,Update PBDB coordinate,N/A,N/A,N/A,N/A,N/A,21.067167,-100.768667,N/A,"coordinate updated by me based on Carranza-Castañeda, O, 2006, Late Tertiary fossil localities in central Mexico, between 19°–23°N, in Carranza-Castañeda, Óscar, and Lindsay, E.H., eds., Advances in late Tertiary vertebrate paleontology in Mexico and the Great American Biotic Interchange: Universidad Nacional Autónoma de México, Instituto de Geología and Centro de Geociencias, Publicación Especial 4, p. 45–60.",NORTH_AMERICA,MX,Guanajuato,N/A,Arroyo El Tanque/GTO 4,Rancho Viejo Beds,3.9,3.1,3.5,magnetostratigraphy,"Flynn et al, 2005. Geochronology of Hemphillian-Blancan Aged Strata, Guanajuato, Mexico, and Implications for Timing of the Great American Biotic Interchange",N/A,N/A,N/A,N/A,Blancan,N/A,"Flynn et al, 2005. Geochronology of Hemphillian-Blancan Aged Strata, Guanajuato, Mexico, and Implications for Timing of the Great American Biotic Interchange"
1769,KM,N/A,N/A,N/A,N/A,Glyptotherium,cylindricum,Glyptotherium cylindricum,N/A,N/A,N/A,N/A,N/A,N/A,17.74,-97.52,N/A,estimate by KM,NORTH_AMERICA,MX,Oaxaca,N/A,Oax-4 Rio Salado,N/A,N/A,N/A,0.084,radiometric,"Ordoñez-Regil, E. et al. (2016) ‘Radiometric dating of Late Pleistocene mammal bones from La Mixteca Alta Oaxaqueña’, Journal of Archaeological Science: Reports, 9, pp. 160–167. doi: 10.1016/j.jasrep.2016.07.021.",N/A,N/A,N/A,N/A,N/A,N/A,"Jimenez-Hidalgo et al, 2019. Species Diversity and Paleoecology of Late Pleistocene Horses from Southern Mexico"
1770,KM,N/A,N/A,N/A,N/A,Glyptotherium,cylindricum,Glyptotherium cylindricum,N/A,N/A,N/A,N/A,N/A,N/A,16.240278,-93.224444,N/A,N/A,NORTH_AMERICA,MX,Chiapas,N/A,Los Mangos,N/A,0.24,0.014,0.127,biostratigraphy,"Pérez-Crespo, V. A. et al. (2015) ‘Paleoambiente de la Depresión Central de Chiapas, con base en isótopos estables de carbono y oxígeno’, Revista mexicana de ciencias geológicas, 32(2), pp. 273–282. Available at: http://www.scielo.org.mx/scielo.php?script=sci_arttext&pid=S1026-87742015000200273.",N/A,N/A,N/A,N/A,Rancholabrean,N/A,"Jimenez-Hidalgo et al, 2019. Species Diversity and Paleoecology of Late Pleistocene Horses from Southern Mexico"
1772,KM,N/A,N/A,N/A,N/A,Glyptotherium,cylindricum,Glyptotherium cylindricum,N/A,N/A,N/A,N/A,N/A,N/A,20.083889,-104.093889,N/A,N/A,NORTH_AMERICA,MX,Jalisco,N/A,Jal Teco 47 Los Pitahayos,San Buenaventura beds,3.59,2.62,3.105,radiometric,"McDonald and Carranza-Castaneda, 2017. Increased xenarthran diversity of the Great American Biotic Interchange: a new genus and species of ground sloth (Mammalia, Xenarthra, Megalonychidae) from the Hemphillian (late Miocene) of Jalisco, Mexico",N/A,N/A,N/A,N/A,Late Blancan,N/A,"McDonald and Carranza-Castaneda, 2017. Increased xenarthran diversity of the Great American Biotic Interchange: a new genus and species of ground sloth (Mammalia, Xenarthra, Megalonychidae) from the Hemphillian (late Miocene) of Jalisco, Mexico"
1775,KM,N/A,N/A,N/A,N/A,Glyptotherium,N/A,Glyptotherium,N/A,N/A,N/A,N/A,N/A,JAL TECO 53,20.4,-104.6,N/A,estimate by KM,NORTH_AMERICA,MX,Jalisco,N/A,Preciado,N/A,N/A,N/A,2.6,radiometric,"Morgan, 2008. Vertebrate Fauna and Geochronology of the Great American Biotic Interchange in North America",N/A,N/A,N/A,N/A,Late Blancan,N/A,"Morgan, 2008. Vertebrate Fauna and Geochronology of the Great American Biotic Interchange in North America"
1776,KM,N/A,N/A,N/A,N/A,Glyptotherium,cylindricum,Glyptotherium cylindricum,N/A,N/A,N/A,N/A,N/A,N/A,29.683333,-109.65,N/A,N/A,NORTH_AMERICA,MX,Sonora,N/A,Terapa,N/A,0.043,0.04,0.0415,radiometric,"Bright, J. et al. (2010) ‘Comparative dating of a Bison-bearing late-Pleistocene deposit, Térapa, Sonora, Mexico’, Quaternary Geochronology, 5(6), pp. 631–643. doi: 10.1016/j.quageo.2010.05.002.",N/A,N/A,N/A,N/A,Rancholabrean,N/A,"Morgan, 2008. Vertebrate Fauna and Geochronology of the Great American Biotic Interchange in North America"
1778,KM,N/A,N/A,N/A,N/A,Glyptotherium,cylindricum,Glyptotherium cylindricum,type locality of Glyptotherium cylindricum ,N/A,N/A,N/A,AMNH 15548,N/A,20.5,-104,N/A,estimate by KM,NORTH_AMERICA,MX,Jalisco,N/A,Ameca,N/A,0.24,0.014,0.127,N/A,"McDonald, H. G. (2002) ‘Fossil Xenarthra of Mexico: A review’, Avances en los estudios paleomastozoológicos, pp. 227–248.",N/A,N/A,N/A,N/A,Rancholabrean,N/A,"Morgan, 2008. Vertebrate Fauna and Geochronology of the Great American Biotic Interchange in North America"
1781,KM,N/A,N/A,N/A,N/A,Glyptotherium,cylindricum,Glyptotherium cylindricum,N/A,N/A,N/A,N/A,N/A,N/A,27.95,-109.6,N/A,estimate by KM,NORTH_AMERICA,MX,Sonora,N/A,La Botana,N/A,0.24,0.014,0.127,N/A,"White, R. S. et al. (2010) ‘Localidades de vertebrados fósiles del Neógeno (Mioceno, Plioceno y Pleistoceno): Una evaluación preliminar de la biodiversidad del pasado’, in Molina-Freaner, F. E. and Van Devender, T. R. (eds) Diversidad biológica de Sonora, pp. 51–72.",N/A,N/A,N/A,N/A,Rancholabrean,N/A,"Mead, J. I. et al. (2007) ‘Late Pleistocene (Rancholabrean) glyptodont and pampathere (Xenarthra, Cingulata) from Sonora, Mexico’, Revista Mexicana de Ciencias Geologicas, 24(3), pp. 439–449."
1783,KM,N/A,N/A,N/A,N/A,Glyptotherium,cylindricum,Glyptotherium cylindricum,N/A,N/A,N/A,N/A,N/A,N/A,27.05,-109.2,N/A,estimate by KM,NORTH_AMERICA,MX,Sonora,N/A,Chinobampo,N/A,0.24,0.014,0.127,N/A,"White, R. S. et al. (2010) ‘Localidades de vertebrados fósiles del Neógeno (Mioceno, Plioceno y Pleistoceno): Una evaluación preliminar de la biodiversidad del pasado’, in Molina-Freaner, F. E. and Van Devender, T. R. (eds) Diversidad biológica de Sonora, pp. 51–72.",N/A,N/A,N/A,N/A,Rancholabrean,N/A,"Mead, J. I. et al. (2007) ‘Late Pleistocene (Rancholabrean) glyptodont and pampathere (Xenarthra, Cingulata) from Sonora, Mexico’, Revista Mexicana de Ciencias Geologicas, 24(3), pp. 439–449."
1784,KM,N/A,N/A,N/A,N/A,Glyptotherium,N/A,Glyptotherium,N/A,N/A,N/A,N/A,N/A,N/A,28.2,-105.45,N/A,estimate by KM,NORTH_AMERICA,MX,Chihuahua,N/A,Delicias,Becerra,0.24,0.014,0.127,N/A,"Mead, J. I. et al. (2007) ‘Late Pleistocene (Rancholabrean) glyptodont and pampathere (Xenarthra, Cingulata) from Sonora, Mexico’, Revista Mexicana de Ciencias Geologicas, 24(3), pp. 439–449.",N/A,N/A,N/A,N/A,Rancholabrean,N/A,"Morgan, 2008. Vertebrate Fauna and Geochronology of the Great American Biotic Interchange in North America"
1787,KM,N/A,N/A,N/A,N/A,Glyptotherium,N/A,Glyptotherium sp.,N/A,N/A,N/A,N/A,N/A,N/A,18.195556,-97.670833,N/A,N/A,NORTH_AMERICA,MX,Oaxaca,N/A,Chazumba 2,N/A,0.02772,0.0275,0.02761,radiometric,"Viñas-Vallverdú, R. et al. (2017) ‘Recent archaeo-palaeontological findings from Barranca del Muerto site, Santiago Chazumba, Oaxaca, México’, Quaternary International, 431(October), pp. 168–180. doi: 10.1016/j.quaint.2015.04.055.",N/A,N/A,N/A,N/A,N/A,N/A,"Viñas-Vallverdú, R. et al. (2017) ‘Recent archaeo-palaeontological findings from Barranca del Muerto site, Santiago Chazumba, Oaxaca, México’, Quaternary International, 431(October), pp. 168–180. doi: 10.1016/j.quaint.2015.04.055."
1787,KM,N/A,N/A,N/A,N/A,Glyptotherium,arizonae,Glyptotherium arizonae,N/A,N/A,N/A,N/A,N/A,University of Florida Vertebrate Fossil Locality HI007,27.69,-82.5,N/A,N/A,NORTH_AMERICA,US,Florida,Hillsborough,Leisey Shell Pit,N/A,1.6,1,1.3,biostratigraphy,"G. S. Morgan and R. C. Hulbert, Jr. 1995. Overview of the geology and vertebrate biochronology of the Leisey Shell Pit Local Fauna, Hillsborough County, Florida. Bulletin of the Florida Museum of Natural History 37(1)",Irvingtonian,N/A,N/A,N/A,N/A,N/A,"G. S. Morgan and R. C. Hulbert, Jr. 1995. Overview of the geology and vertebrate biochronology of the Leisey Shell Pit Local Fauna, Hillsborough County, Florida. Bulletin of the Florida Museum of Natural History 37(1)"
1788,KM,N/A,N/A,N/A,N/A,Glyptotherium,arizonae,Glyptotherium arizonae,N/A,N/A,N/A,N/A,NMMNH P-1287,N/A,35.00323,-106.62176,N/A,N/A,NORTH_AMERICA,US,New Mexico,Bernalillo,Tijeras Arroyo,Sierra Ladrones,1.6,1.2,1.4,biostratigraphy/radiometric,"Morgan, G. S. and Lucas, S. G. (2005) ‘Pleistocene vertebrate faunas in New Mexico from alluvial, fluvial, and lacustrine deposits’, Bulletin of the New Mexico Museum of Natural History and Science, 28(January 2005), pp. 185–248.",Irvingtonian,N/A,N/A,N/A,N/A,N/A,"G. S. Morgan and S. G. Lucas. 1999. Pliocene (Blancan) vertebrates from Pearson Mesa, Duncan Basin, New Mexico-Arizona border. Journal of Vertebrate Paleontology 19(3):65A"
1789,KM,N/A,N/A,N/A,N/A,Glyptotherium,N/A,Glyptotherium sp.,Added to PBDB,N/A,N/A,N/A,N/A,N/A,18.283333,-97.8,N/A,estimate by KM,NORTH_AMERICA,MX,Puebla,N/A,Santa Cruz Nuevo,N/A,0.24,0.014,0.127,biostratigraphy,"Jarquin-Abundiz, E., Ferrusquía-Villafranca, I., & Ruíz-González, J. E. (2019). Adiciones a la mastofauna local Santa Cruz Nuevo, Pleistoceno Tardío de Puebla, México. Paleontología Mexicana, 8(1), 29–39.",N/A,N/A,N/A,N/A,Rancholabrean,N/A,"Jarquin-Abundiz, E., Ferrusquía-Villafranca, I., & Ruíz-González, J. E. (2019). Adiciones a la mastofauna local Santa Cruz Nuevo, Pleistoceno Tardío de Puebla, México. Paleontología Mexicana, 8(1), 29–39."
1790,KM,N/A,N/A,N/A,N/A,Glyptotherium,N/A,Glyptotherium floridanum,Added to PBDB,N/A,Paleontological collection of the Benemérita Universidad Autónoma de Puebla (BUAP),N/A,N/A,N/A,19.376389,-98.275,N/A,estimate by KM,NORTH_AMERICA,MX,Tlaxcala,N/A,San Mateo Huexoyucán,N/A,0.051798,0.04765,0.049724,radiometric,"Sánchez Salinas, M., Jiménez Hidalgo, E. and Castañeda Posadas, C. (2016) ‘Late Pleistocene fossil mammals (Rancholabreano) of San Mateo Huexoyucán, Tlaxcala, Mexico’, Boletin de la Sociedad Geologica Mexicana, 68(3), pp. 497–514. doi: 10.18268/BSGM2016v68n3a7.",N/A,N/A,N/A,N/A,Rancholabrean,N/A,"Sánchez Salinas, M., Jiménez Hidalgo, E. and Castañeda Posadas, C. (2016) ‘Late Pleistocene fossil mammals (Rancholabreano) of San Mateo Huexoyucán, Tlaxcala, Mexico’, Boletin de la Sociedad Geologica Mexicana, 68(3), pp. 497–514. doi: 10.18268/BSGM2016v68n3a7."
1791,KM,N/A,N/A,N/A,N/A,Glyptotherium,N/A,Glyptotherium sp.,Added to PBDB,N/A,N/A,N/A,N/A,N/A,20.736939,-89.280644,N/A,from Polaco 2002,NORTH_AMERICA,MX,Yucatan,N/A,Papakal Cenote,N/A,0.24,0.014,0.127,biostratigraphy/radiometric,"González González, A. H., Sandoval, C. R., Mata, A. T., Sanvicente, M. B., Stinnesbeck, W., O., J. A., Ríos, M. de los, & Acevez, E. (2008). The Arrival of Humans on the Yucatan Peninsula: Evidence from Submerged Caves in the State of Quintana Roo, Mexico. Current Research in the Pleistocene, 25, 1–24.",N/A,N/A,N/A,N/A,Rancholabrean,N/A,"González González, A. H., Sandoval, C. R., Mata, A. T., Sanvicente, M. B., Stinnesbeck, W., O., J. A., Ríos, M. de los, & Acevez, E. (2008). The Arrival of Humans on the Yucatan Peninsula: Evidence from Submerged Caves in the State of Quintana Roo, Mexico. Current Research in the Pleistocene, 25, 1–24."
1792,KM,N/A,N/A,N/A,N/A,Glyptotherium,N/A,Glyptotherium sp.,N/A,N/A,IDAEH (Departamento de Monumentos Prehispánicos y Coloniales del Instituto de Antropología e Historia de Guatemala),N/A,N/A,N/A,15.312861,-91.54725,N/A,N/A,NORTH_AMERICA,GT,Huehuetenango,N/A,Chivacabé,N/A,0.0157,0.01292,0.01431,radiometric,"Mead, J. I. et al. (2012) ‘Late Pleistocene mammals from Chivacabé, Huehuetenango, Guatemala’, Revista Mexicana de Ciencias Geológicas, 29(2), pp. 319–329.",N/A,N/A,N/A,N/A,Rancholabrean,N/A,"Mead, J. I. et al. (2012) ‘Late Pleistocene mammals from Chivacabé, Huehuetenango, Guatemala’, Revista Mexicana de Ciencias Geológicas, 29(2), pp. 319–329."
1793,KM,N/A,N/A,N/A,N/A,Glyptotherium,N/A,Glyptotherium,N/A,N/A,N/A,N/A,N/A,N/A,11.499167,-69.521667,N/A,N/A,SOUTH_AMERICA,VE,Falcón,N/A,TaimaTaima,N/A,0.014,0.012,0.013,radiometric,"Carlini, A. A., Zurita, A. E. and Aguilera, O. A. (2008) ‘North American Glyptodontines (Xenarthra, Mammalia) in the Upper Pleistocene of northern South America’, Palaontologische Zeitschrift, 82(2), pp. 125–138. doi: 10.1007/BF02988404.",N/A,N/A,N/A,N/A,N/A,N/A,"Carlini, A. A., Zurita, A. E. and Aguilera, O. A. (2008) ‘North American Glyptodontines (Xenarthra, Mammalia) in the Upper Pleistocene of northern South America’, Palaontologische Zeitschrift, 82(2), pp. 125–138. doi: 10.1007/BF02988404."
1794,KM,N/A,N/A,N/A,N/A,Glyptotherium,N/A,Glyptotherium,N/A,N/A,N/A,N/A,N/A,N/A,11.480833,-69.544722,N/A,N/A,SOUTH_AMERICA,VE,Falcón,N/A,Muaco,N/A,0.016375,0.0143,0.0153375,radiometric,"Carlini, A. A., Zurita, A. E. and Aguilera, O. A. (2008) ‘North American Glyptodontines (Xenarthra, Mammalia) in the Upper Pleistocene of northern South America’, Palaontologische Zeitschrift, 82(2), pp. 125–138. doi: 10.1007/BF02988404.",N/A,N/A,N/A,N/A,N/A,N/A,"Carlini, A. A., Zurita, A. E. and Aguilera, O. A. (2008) ‘North American Glyptodontines (Xenarthra, Mammalia) in the Upper Pleistocene of northern South America’, Palaontologische Zeitschrift, 82(2), pp. 125–138. doi: 10.1007/BF02988404."
1795,KM,N/A,N/A,N/A,N/A,Glyptotherium,N/A,Glyptotherium sp.,N/A,N/A,N/A,N/A,N/A,N/A,14.8475,-91.467,N/A,estimate by KM,NORTH_AMERICA,GT,Quetzaltenango,N/A,Cerro del Baul,N/A,0.0138,0.009941,0.0118705,radiometric,"Dávila, S. L. et al. (2019) ‘Guatemala’s Late Pleistocene (Rancholabrean) fauna: Revision and interpretation’, Quaternary Science Reviews, 219, pp. 277–296. doi: 10.1016/j.quascirev.2019.07.011.",N/A,N/A,N/A,N/A,Rancholabrean,N/A,"Dávila, S. L. et al. (2019) ‘Guatemala’s Late Pleistocene (Rancholabrean) fauna: Revision and interpretation’, Quaternary Science Reviews, 219, pp. 277–296. doi: 10.1016/j.quascirev.2019.07.011."
1796,KM,N/A,N/A,N/A,N/A,Glyptotherium,N/A,Glyptotherium sp.,Added to PBDB,N/A,N/A,N/A,N/A,N/A,18.341667,-97.591667,N/A,estimate by KM,NORTH_AMERICA,MX,Puebla,N/A,San Juan Raya Basin,N/A,N/A,N/A,0.01931,radiometric,"Sanchez, J. M. (2010) Cenozoic environmental evolution of the San Juan Raya Basin, south central Mexico.",N/A,N/A,N/A,N/A,Rancholabrean,N/A,"Sanchez, J. M. (2010) Cenozoic environmental evolution of the San Juan Raya Basin, south central Mexico."
1797,KM,N/A,N/A,N/A,N/A,Glyptotherium,floridanum,Glyptotherium floridanum,Added to PBDB,N/A,FMNH,N/A,N/A,N/A,14.87,-88.83,N/A,N/A,NORTH_AMERICA,HN,Copan,N/A,Yeroconte,N/A,0.24,0.014,0.127,biostratigraphy,"Lucas, S. G. (2008) ‘Pleistocene Mammals From Yeroconte, Honduras’, New Mexico Museum of Natural History and Science Bulletin, 44(September), pp. 403–408.",N/A,N/A,N/A,N/A,Rancholabrean,N/A,"Lucas, S. G. (2008) ‘Pleistocene Mammals From Yeroconte, Honduras’, New Mexico Museum of Natural History and Science Bulletin, 44(September), pp. 403–408."
1798,KM,N/A,N/A,N/A,N/A,Glyptotherium,floridanum,Glyptotherium floridanum,N/A,N/A,CFM,N/A,N/A,N/A,10.145,-85.324,N/A,N/A,NORTH_AMERICA,CR,N/A,N/A,Río Nacaome,N/A,0.24,0.014,0.127,biostratigraphy,"Valerio, A. L. and Laurito, C. A. (2011) ‘El Registro fósil de Glyptotherium floridanum (Xenarthra, Cingulata, Glyptodontidae) en el Cuaternario de Costa Rica, América Central’, Revista Geológica de América Central, 45, pp. 141–145.",N/A,N/A,N/A,N/A,Rancholabrean,N/A,"Valerio, A. L. and Laurito, C. A. (2011) ‘El Registro fósil de Glyptotherium floridanum (Xenarthra, Cingulata, Glyptodontidae) en el Cuaternario de Costa Rica, América Central’, Revista Geológica de América Central, 45, pp. 141–145."
1799,KM,N/A,N/A,N/A,N/A,Glyptotherium,floridanum,Glyptotherium floridanum,Added to PBDB,N/A,N/A,N/A,N/A,N/A,13.804167,-86.656667,N/A,N/A,NORTH_AMERICA,HN,El Paraíso,N/A,La Majadita,N/A,0.24,0.014,0.127,biostratigraphy,"Jackson, D. R. and Fernandez, E. (2005) ‘A small Pleistocene mammalian megafauna from southern Honduras’, Bulletin of the Florida Museum of Natural History, 45(4), pp. 261–269.",N/A,N/A,N/A,N/A,Rancholabrean,N/A,"Jackson, D. R. and Fernandez, E. (2005) ‘A small Pleistocene mammalian megafauna from southern Honduras’, Bulletin of the Florida Museum of Natural History, 45(4), pp. 261–269."
1800,KM,N/A,N/A,N/A,N/A,Glyptotherium,N/A,Glyptotherium,N/A,N/A,N/A,N/A,N/A,N/A,10.078889,-84.432778,N/A,N/A,NORTH_AMERICA,CR,Alajuela,N/A,Palmares,N/A,2.6,1.6,2.1,biostratigraphy,"Mora, C. L., Valerio Zamora, A. L. and Pérez Gamboa, E. A. (2005) ‘Los Xenarthras Fósiles de la Localidad de Buenos Aires de Palmares (Blancano Tardío - Irvingtoniano Temprano), Provincia de Alajuela, Costa Rica’, Revista Geológica de América Central, 33, pp. 83–90.",N/A,N/A,N/A,N/A,N/A,N/A,"Mora, C. L., Valerio Zamora, A. L. and Pérez Gamboa, E. A. (2005) ‘Los Xenarthras Fósiles de la Localidad de Buenos Aires de Palmares (Blancano Tardío - Irvingtoniano Temprano), Provincia de Alajuela, Costa Rica’, Revista Geológica de América Central, 33, pp. 83–90."
1801,KM,N/A,N/A,N/A,N/A,Glyptotherium,N/A,Glyptotherium sp.,Added to PBDB,N/A,N/A,N/A,N/A,N/A,-8.720833,-36.638889,N/A,N/A,SOUTH_AMERICA,BR,Pernambuco,N/A,Zabelê,N/A,N/A,N/A,0.041,biostratigraphy/radiometric,"de Andrade, L. C., Vicente Oliveira, É., Maniesi, V., & Tatumi, S. H. (2018). Astragalus and osteoderms of Glyptotherium Osborn, 1903 from the Upper Pleistocene of Pernambuco, Northeast of Brazil. Revista Brasileira de Paleontologia, 21(1), 95–102. https://doi.org/10.4072/rbp.2018.1.08",N/A,N/A,N/A,N/A,N/A,N/A,"de Andrade, L. C., Vicente Oliveira, É., Maniesi, V., & Tatumi, S. H. (2018). Astragalus and osteoderms of Glyptotherium Osborn, 1903 from the Upper Pleistocene of Pernambuco, Northeast of Brazil. Revista Brasileira de Paleontologia, 21(1), 95–102. https://doi.org/10.4072/rbp.2018.1.08"
1802,KM,N/A,N/A,N/A,N/A,Glyptotherium,N/A,Glyptotherium,N/A,N/A,N/A,N/A,N/A,N/A,-8.18,-36.16,N/A,N/A,SOUTH_AMERICA,BR,Pernambuco,N/A,Fazenda Nova,N/A,0.01275,0.00842,0.010585,radiometric,"Marinho Da Silva, F. (2013). Tafonomia em tanque de Fazenda Nova, município de Brejo da Madre de  Deus,  Estado  de  Pernambuco,  Nordeste  do  Brasil. https://repositorio.ufpe.br/handle/123456789/10500",N/A,N/A,N/A,N/A,N/A,N/A,"Marinho Da Silva, F. (2013). Tafonomia em tanque de Fazenda Nova, município de Brejo da Madre de  Deus,  Estado  de  Pernambuco,  Nordeste  do  Brasil. https://repositorio.ufpe.br/handle/123456789/10500"
1803,KM,N/A,N/A,N/A,N/A,Glyptotherium,N/A,Glyptotherium sp.,N/A,N/A,N/A,N/A,N/A,N/A,-5.185233,-37.723733,N/A,N/A,SOUTH_AMERICA,BR,Rio Grande del Norte,N/A,Lajedo da Escada - F3,N/A,0.774,0.0082,0.3911,biostratigraphy,"Trifilio, L. H. M. da S., Araújo-Júnior, H. I. de, Porpino, K. de O., & Barbosa, F. H. de S. (2022). Mammal Taphonomy in a Cave Deposit From Quaternary of Brazil. Frontiers in Ecology and Evolution, 10. https://doi.org/10.3389/fevo.2022.830190",N/A,N/A,N/A,N/A,N/A,N/A,"Trifilio, L. H. M. da S., Araújo-Júnior, H. I. de, Porpino, K. de O., & Barbosa, F. H. de S. (2022). Mammal Taphonomy in a Cave Deposit From Quaternary of Brazil. Frontiers in Ecology and Evolution, 10. https://doi.org/10.3389/fevo.2022.830190"
1804,KM,N/A,N/A,N/A,N/A,Glyptotherium,arizonae,Glyptotherium arizonae,Add to PBDB?,N/A,N/A,N/A,N/A,N/A,31.86,-106.71,N/A,estimate by KM,NORTH_AMERICA,US,New Mexico,Doña Ana,Adobe Ranch/Mesilla C,N/A,1.59,1.32,1.455,radiometric,"﻿Morgan, G. S. (2008). Vertebrate fauna and geochronology of the Great American Biotic Interchange in North America. In Neogene Mammals (pp. 93–140).",N/A,N/A,N/A,N/A,N/A,N/A,N/A
1805,KM,N/A,N/A,N/A,N/A,Glyptotherium,N/A,Glyptotherium sp.,N/A,N/A,N/A,N/A,N/A,N/A,13.583333,-88.1,N/A,N/A,NORTH_AMERICA,SV,N/A,N/A,Hormiguero/San Juan del Sur,N/A,0.24,0.014,0.127,biostratigraphy,"﻿Morgan, G. S. (2008). Vertebrate fauna and geochronology of the Great American Biotic Interchange in North America. In Neogene Mammals (pp. 93–140).",N/A,N/A,N/A,N/A,Rancholabrean,N/A,"Cisneros, J. C. (2008). The Fossil Mammals of El Salvador. New  Mexico  Museum  of  Natural  History  and  Science  Bulletin, 44, 375–379."
1806,KM,N/A,N/A,N/A,N/A,Glyptotherium,floridanum,Glyptotherium floridanum,Add to PBDB?,N/A,N/A,N/A,N/A,8 BR 1872,28.485,-80.722222,N/A,estimate by KM,NORTH_AMERICA,US,Florida,Brevard,Sams Creek,N/A,0.24,0.014,0.127,biostratigraphy,"Penders, T. E. (2006). Pine Island Conservation Area Archaeological Project, Merritt Island, Brevard County, Florida, Season 2 Report, Sams Creek Fossil Site (8 BR 1890).",N/A,N/A,N/A,N/A,Rancholabrean,N/A,"Penders, T. E. (2006). Pine Island Conservation Area Archaeological Project, Merritt Island, Brevard County, Florida, Season 2 Report, Sams Creek Fossil Site (8 BR 1890)."
1807,KM,N/A,N/A,N/A,N/A,Glyptotherium,floridanum,Glyptotherium floridanum,Added to PBDB,N/A,TxVP,N/A,N/A,43059,27.933333,-97.783333,N/A,estimate by KM,NORTH_AMERICA,US,Texas,Nueces,Nueces River,N/A,0.24,0.014,0.127,biostratigraphy,"Sagebiel, J. C. (2022). Xenarthrans from the Nueces River Fauna, Upper Pleistocene of Nueces County, Texas. New Mexico Museum of Natural History Bulletin, 88, 225–231.",N/A,N/A,N/A,N/A,Rancholabrean,N/A,"Sagebiel, J. C. (2022). Xenarthrans from the Nueces River Fauna, Upper Pleistocene of Nueces County, Texas. New Mexico Museum of Natural History Bulletin, 88, 225–231."
1807,KM,N/A,N/A,N/A,N/A,Glyptotherium,N/A,Glyptotherium sp.,Orginally IDed as Hoplophorus euphractus,N/A,N/A,N/A,N/A,N/A,-19.626944,-43.89,N/A,estimate by KM,SOUTH_AMERICA,BR,Minas Gerais,N/A,Lagoa Santa,N/A,0.35989,0.010276,0.185083,radiometric,"Auler, A. S., Piló, L. B., Smart, P. L., Wang, X., Hoffmann, D., Richards, D. A., Edwards, R. L., Neves, W. A., & Cheng, H. (2006). U-series dating and taphonomy of Quaternary vertebrates from Brazilian caves. Palaeogeography, Palaeoclimatology, Palaeoecology, 240(3–4), 508–522. https://doi.org/10.1016/j.palaeo.2006.03.002",N/A,N/A,N/A,N/A,N/A,N/A,"Oliveira, É. v., Porpino, K. O., & Barreto, A. F. (2010). On the presence of Glyptotherium in the late Pleistocene of Northeastern Brazil, and the status of “Glyptodon” and “Chlamydotherium”. Paleobiogeographic implications. Neues Jahrbuch Fur Geologie Und Palaontologie - Abhandlungen, 258(3), 353–363. https://doi.org/10.1127/0077-7749/2010/0116"
1816,PBDB,N/A,PBDB,189381,pbdb:occ:1520817,Glyptotherium,N/A,Glyptotherium sp.,N/A,N/A,N/A,N/A,N/A,N/A,14.9989,-89.707802,N/A,4.00E+00,NORTH_AMERICA,GT, Zacapa,N/A,Estanzuela - Locality 5,N/A,0.24,0.014,0.127,biostratigraphy,"Lucas, S. G., Romero, J. E., Vásquez, O. J., & Alvarado, G. E. (2021). The fossil vertebrates of Guatemala. Revista Geológica de América Central, 1–33. https://doi.org/10.15517/rgac.v66i0.48590",N/A,N/A,N/A,N/A,Rancholabrean,N/A,"Dávila, S. L. et al. (2019) ‘Guatemala’s Late Pleistocene (Rancholabrean) fauna: Revision and interpretation’, Quaternary Science Reviews, 219, pp. 277–296. doi: 10.1016/j.quascirev.2019.07.011."
1821,PBDB,N/A,PBDB,212616,pbdb:occ:1520908,Glyptotherium,N/A,Glyptotherium sp.,N/A,N/A,N/A,N/A,N/A,N/A,14.41,-90.300003,N/A,2.00E+00,NORTH_AMERICA,GT,Santa Rosa,N/A,San Rafaelito,N/A,0.0271,0.02559,0.026345,radiometric,"Dávila, S. L. et al. (2019) ‘Guatemala’s Late Pleistocene (Rancholabrean) fauna: Revision and interpretation’, Quaternary Science Reviews, 219, pp. 277–296. doi: 10.1016/j.quascirev.2019.07.011.",N/A,N/A,N/A,N/A,Rancholabrean,N/A,"Dávila, S. L. et al. (2019) ‘Guatemala’s Late Pleistocene (Rancholabrean) fauna: Revision and interpretation’, Quaternary Science Reviews, 219, pp. 277–296. doi: 10.1016/j.quascirev.2019.07.011."
1831,PBDB,N/A,PBDB,79763,pbdb:occ:1487045,Glyptotherium,floridanum,Glyptotherium floridanum,N/A,N/A,Charleston Museum,ChM PV4880,N/A,N/A,33.573891,-79.002502,N/A,seconds,NORTH_AMERICA,US,South Carolina,Horry,Garden City Beach,N/A,0.24,0.014,0.127,N/A,"L. B. Albright, A. E. Sanders, and R. E. Weems, D. J. Cicimurri, J. L. Knight. 2019. Cenozoic vertebrate biostratigraphy of South Carolina, U.S.A. and additions to the fauna. Bulletin of the Florida Museum of Natural History 57(2):77-236",N/A,N/A,N/A,N/A,Rancholabrean,N/A,"L. B. Albright, A. E. Sanders, and R. E. Weems, D. J. Cicimurri, J. L. Knight. 2019. Cenozoic vertebrate biostratigraphy of South Carolina, U.S.A. and additions to the fauna. Bulletin of the Florida Museum of Natural History 57(2):77-236"
1838,PBDB,N/A,PBDB,156789,pbdb:occ:1208215,Glyptotherium,sp.,Glyptotherium,N/A,N/A,N/A,N/A,N/A,"UTBEG Loc. No. 30967, WPA, Work Project No. 12592, Inglesides",27.883499,-97.188499,N/A,4,NORTH_AMERICA,US,Texas,San Patricio,"Ingleside Site No. 1, Tedford Caliche Pit",N/A,0.24,0.014,0.127,biostratigraphy,"Gillette, D. D., & Whisler, P. M. (1986). Notes and comments on the late Pleistocene Glyptodont, Glyptotherium Floridanum from Florida. Florida Scientist, 49(1), 55–62. https://about.jstor.org/terms",N/A,N/A,N/A,N/A,Rancholabrean,N/A,"E. H. Sellards. 1941. Final report covering the period from March 4, 1939 ro September 30, 1941 for the state-wide paleontologic-mineralogic survey in Texas. A Federal Works Agency Work Projects Administration Project iii-85"
1841,KM,N/A,N/A,N/A,N/A,Glyptotherium,N/A,Glyptotherium sp.,Added to PBDB,N/A,N/A,N/A,N/A,N/A,-11.281222,-41.605278,N/A,N/A,SOUTH_AMERICA,BR,Bahia,N/A,Lajedão do Patrício,N/A,0.0168,0.0091,0.01295,radiometric,"Faria, F. H. C., Carvalho, I. de S., & Araújo-Júnior, H. I. de. (2021). Paleoenvironmental and Paleoecological Inferences of the Quaternary Megafauna of Lajedão do Patrício, Bahia, Brazil. Journal of South American Earth Sciences, 110. https://doi.org/10.1016/j.jsames.2021.103378",N/A,N/A,N/A,N/A,N/A,N/A,"Faria, F. H. C., Carvalho, I. de S., & Araújo-Júnior, H. I. de. (2021). Paleoenvironmental and Paleoecological Inferences of the Quaternary Megafauna of Lajedão do Patrício, Bahia, Brazil. Journal of South American Earth Sciences, 110. https://doi.org/10.1016/j.jsames.2021.103378"
1845,KM,N/A,N/A,N/A,N/A,Glyptotherium,N/A,Glyptotherium sp.,Added to PBDB,N/A,N/A,N/A,DGEO-UFPE 3306-3309,N/A,-8.294444,-38.933333,N/A,estimate by KM,SOUTH_AMERICA,BR,Pernambuco,N/A,Lagoa da Pedra/Conceição das Creoulas,N/A,0.8,0.011,0.4055,biostratigraphy,"Oliveira, É. v., Porpino, K. O., & Barreto, A. F. (2010). On the presence of Glyptotherium in the late Pleistocene of Northeastern Brazil, and the status of “Glyptodon” and “Chlamydotherium”. Paleobiogeographic implications. Neues Jahrbuch Fur Geologie Und Palaontologie - Abhandlungen, 258(3), 353–363. https://doi.org/10.1127/0077-7749/2010/0116",N/A,N/A,N/A,N/A,Lujanian,N/A,"Peters, E., & Oliveira, E. (2019). Marcas em fósseis de megafauna do Sítio Conceição das Creoulas, Pleistoceno Superior-Holoceno, Salgueiro, Pernambuco. Estudos Geológicos, 29(2), 31–39. https://doi.org/10.18190/1980-8208/estudosgeologicos.v29n2p31-39"
1846,KM,N/A,N/A,N/A,N/A,Glyptotherium,N/A,Glyptotherium sp.,Added to PBDB,N/A,N/A,N/A,N/A,N/A,-9.782861,-37.668428,N/A,N/A,SOUTH_AMERICA,BR,Sergipe,N/A,Fazenda Charco,N/A,0.05,0.011068,0.030534,radiometric,"França, L. de M., Araújo-Júnior, H. I. de, & Dantas, M. A. T. (2023). Taphonomy, paleoecology and chronology of a late Quaternary tank (natural reservoir) deposit from the Brazilian Intertropical Region. Quaternary Science Reviews, 313, 108199. https://doi.org/10.1016/j.quascirev.2023.108199",N/A,N/A,N/A,N/A,N/A,N/A,"França, L. de M., Araújo-Júnior, H. I. de, & Dantas, M. A. T. (2023). Taphonomy, paleoecology and chronology of a late Quaternary tank (natural reservoir) deposit from the Brazilian Intertropical Region. Quaternary Science Reviews, 313, 108199. https://doi.org/10.1016/j.quascirev.2023.108199"